temp,rain,cloud
-7.0,44.784112660544395,0.6924300267952912
-2.0,18.301451123035786,0.7443315512927637
-5.0,27.31996817336642,0.41186463195209955
-3.0,40.188702354930875,0.9383788763767003
-2.0,12.639043680434323,0.6413033253119833
6.0,42.15892911705807,0.9235898403901839
9.0,47.16550652613937,0.09935056588152413
-2.0,36.21004215884556,0.7800506432660809
3.0,14.598218062958074,0.022570550869833617
-3.0,14.750184618337588,0.6043753451557818
1.0,45.93203640894686,0.8031352990343844
-7.0,19.696214158440547,0.22773060421640623
11.0,41.378324366588,0.8600407584659479
6.0,38.249965308330985,0.8684151175910741
-5.0,25.935170860730164,0.9060627417152428
-6.0,2.5554444651860155,0.7883192269527467
8.0,32.417078800045076,0.9583820499201084
-5.0,13.288421490558273,0.42511175719323147
-7.0,24.028091246386236,0.08608815856765151
12.0,5.3272027749945225,0.42894489871833086
5.0,1.501370455583395,0.6980397861061846
-3.0,33.954226667122626,0.9501407641198197
7.0,44.02470910420393,0.8638383632156869
6.0,8.645286866336678,0.4137183470257557
2.0,12.40250716860128,0.9945713236727657
2.0,13.676130629687364,0.9556149921244304
0.0,1.2263568829547755,0.6968050232980405
4.0,23.532543906976954,0.09048827362414602
-1.0,14.963998734908879,0.12511630598718726
7.0,31.33065245600426,0.17383291913189092
0.0,17.75920797547548,0.17987549735210095
-2.0,6.034608138358563,0.9526424381132841
-6.0,0.30056862819417707,0.8563046547300827
-2.0,42.85840150489678,0.2978598665585591
2.0,11.58126452853598,0.19049496668017596
-1.0,37.46188143371528,0.7786724849686603
6.0,42.49958907956,0.7304010240721662
-2.0,7.073969710120818,0.7840173341567791
3.0,18.825698864191036,0.5952829520710594
-6.0,23.406424574379876,0.3415495695855373
8.0,9.528706330972286,0.9939700872159425
3.0,8.347811425359277,0.7824857732850747
2.0,41.235772264488986,0.9521879727441375
-5.0,0.1422623081736759,0.7293791452650243
12.0,34.459466918880686,0.7403258510359689
8.0,40.584600455575455,0.7100505173472059
-6.0,38.22706767581635,0.18674327035478122
-5.0,17.94453280696334,0.5165044813525901
0.0,9.359215157561332,0.8437982580704168
-4.0,23.905261878022056,0.7203477036960713
9.0,24.885787438554345,0.4239527421470517
0.0,34.36528484256518,0.7086426504726524
6.0,35.032447606036904,0.5256038136341429
11.0,6.238983946962804,0.06191611579060918
0.0,23.18951947819235,0.9165089979730328
0.0,9.927186382099263,0.1984296140326539
-7.0,16.260231552842395,0.44520014040136224
12.0,28.374447791754623,0.9634060148250464
5.0,49.53519469692698,0.3325251441398531
-7.0,14.106270801980974,0.773507367058143
-4.0,20.396714971254845,0.6975035957399591
-1.0,5.893418009292242,0.15512116984236712
-7.0,23.113099066684214,0.481967479146998
-3.0,34.90980994129182,0.870156336061984
7.0,10.476780975382441,0.43032711278556446
-1.0,16.314656591235085,0.2785703539515081
6.0,32.62431502106953,0.37101705398840334
0.0,22.987290569539365,0.38831187285965496
-6.0,48.36265935581018,0.5476520553628004
7.0,32.13468992398715,0.7608651865074856
0.0,19.872181999880866,0.6104675220174939
6.0,23.32181579488928,0.25874781741721664
5.0,23.210806541891678,0.29997276848654764
-5.0,18.470212298649503,0.7741778849585035
-5.0,29.20641097463655,0.9551349458394919
1.0,4.830440571275576,0.5093869433424947
-2.0,20.651720881942715,0.6084182971212814
9.0,37.63080803029122,0.5462992523791328
10.0,5.744526929035153,0.717714332698513
2.0,13.158688474910011,0.05228674582737791
6.0,20.751037504007048,0.998567937955434
-1.0,5.445242409112949,0.4374792100651178
9.0,38.186324879669186,0.7300803068149445
2.0,43.90160479686529,0.21472493004853443
6.0,18.038805121073306,0.6938333917385886
-4.0,3.1706966985414846,0.9539300156915331
8.0,18.390143428354087,0.5488737312482395
3.0,49.804771074808485,0.08039830414914906
9.0,36.93610630790635,0.07150324916300044
-6.0,19.34040414632058,0.9799255048769251
8.0,37.114449630982286,0.5366000665514131
5.0,4.4872367606867645,0.8226025272813927
-4.0,12.933346841208532,0.4446631325514028
-6.0,1.7771892727659817,0.8752727142633415
-4.0,24.93348282878463,0.6762395255244048
-7.0,18.524715097882087,0.21550921941263068
-1.0,44.52844801140385,0.41374733631864646
5.0,16.33654685616829,0.6666452139878843
-4.0,36.73763267039714,0.3976823603674533
-6.0,45.42381001915753,0.45826121539570885
-6.0,45.7638658315958,0.6817151000634883
-7.0,23.12665076912175,0.5414590810880552
4.0,13.457336868103269,0.2340361625684102
10.0,42.548352250866984,0.1701571920245567
-3.0,31.27833039903487,0.36601617504527717
-6.0,5.6673470392516965,0.6234652798196124
0.0,30.700333337292125,0.67081196168241
12.0,32.098201073300075,0.5318698404771713
1.0,47.07189702688374,0.9799344055315267
4.0,19.95378984070765,0.5943031400501475
3.0,12.048806849803285,0.8169179154629491
7.0,28.474606594305925,0.35743953611241286
8.0,28.849675209523397,0.590301097909019
-1.0,8.789131155933887,0.8244763168327904
5.0,25.881964194593866,0.2776431362436893
-3.0,44.842004333586665,0.8972619351902336
-7.0,48.85985254896197,0.36516292274611184
-3.0,3.368365731733957,0.36149615425320947
3.0,41.68526981853705,0.7100473769700059
5.0,41.59901095571183,0.19943960884235645
3.0,4.472087946513597,0.761863498973082
-1.0,32.41315647705879,0.9091698553596211
-5.0,0.7533317002747372,0.8097899890546698
10.0,24.642019490253393,0.18404121920477112
5.0,23.7972670130988,0.08610870102807966
-1.0,45.672394540036976,0.8082656247782308
8.0,38.83147086341894,0.5469894994354363
-3.0,24.963355121541234,0.9191211193768799
5.0,16.052139875863787,0.5447362167183527
-3.0,13.56655503047375,0.879095420022184
8.0,21.20281342585005,0.26291174154034225
-6.0,39.316945405048436,0.5463567695575136
4.0,49.948019724687626,0.06314275455313378
3.0,26.578101512976605,0.651464270096232
1.0,1.7393305334553775,0.23813745274388098
11.0,33.614399844622035,0.5185702373957857
-3.0,41.14493017933932,0.7633861803598775
10.0,35.696326652221025,0.275467830906198
12.0,28.620537498503474,0.5283156370860308
12.0,33.10317950686455,0.30204927702392825
6.0,11.630626281469487,0.6579816618602264
6.0,2.744100341307369,0.6927587917431255
4.0,17.03933398633812,0.21376870485357358
-7.0,50.90932183696525,0.864915518847295
8.0,26.195331627159707,0.24029830733598423
10.0,32.94770621858235,0.7350234101049579
-1.0,29.680061607757324,0.9268071164255993
-5.0,24.188881301563498,0.11834528310902026
6.0,35.765615840263365,0.9214882831076656
4.0,6.250164151869849,0.03023935697255198
3.0,39.98965942803006,0.14726969822951053
-4.0,41.30153153912687,0.7039031085330503
12.0,25.98600035055244,0.16626469183276538
9.0,31.6977114108335,0.7675340104303335
11.0,26.954593692367123,0.6388151171975615
-4.0,5.994637698380803,0.4607337007115767
11.0,38.65325000976288,0.43467093439934124
12.0,4.9323941021635,0.8753550747896193
9.0,24.984796125810995,0.6307075386255447
11.0,36.589768038838585,0.4340853885086552
-5.0,47.251571141749224,0.3699358389021683
3.0,14.605533948017255,0.9625065377618568
0.0,48.50402853965081,0.7842483364967985
6.0,1.6597279719454943,0.3936001188958823
10.0,36.89305061967241,0.7024420687807914
-2.0,47.11765097708913,0.15969182044416097
-2.0,5.342623526938113,0.2725364902073524
3.0,32.770467347539785,0.8362036842655582
3.0,28.01323089380399,0.22547725471416302
4.0,39.781390553004755,0.8093934555301527
-2.0,20.890192926940678,0.2873947460736085
-3.0,32.89263719286204,0.27587268178464497
4.0,45.88845616754731,0.2917447262627684
6.0,14.469095672279494,0.5070678932339526
-4.0,36.81716110932368,0.8660021633979648
9.0,29.755299676874408,0.08818193037924205
-7.0,34.86448047889734,0.2651727572514053
-2.0,36.183455037347905,0.21638664283793618
2.0,5.239554266424169,0.20878856348693786
-6.0,3.2742273152358705,0.019381731707580285
-1.0,31.027992964821344,0.020510364125104652
12.0,39.7219528284122,0.5155939813937535
0.0,37.569923775544744,0.015600665358518118
-2.0,28.468875112602156,0.27854495390403733
-3.0,37.59805610451997,0.26364375052901645
4.0,46.810695186678245,0.2859568270357936
3.0,44.99922016385803,0.677887724539845
7.0,31.79591498597716,0.6834894711174905
5.0,2.8400712929036387,0.7459784332875676
4.0,14.124832816770564,0.9413022761043359
8.0,29.227215686568076,0.016197288992255587
12.0,21.055422096533547,0.39328627273288663
7.0,7.7217547997227864,0.5690556452521053
1.0,13.054545977333984,0.4328435900462304
0.0,7.338510644300526,0.707482962748033
11.0,9.93661961292608,0.5268552204385412
2.0,27.94936229039254,0.12494845147100164
8.0,27.18476525056098,0.5995708202925306
-7.0,40.652771434232534,0.6070023769338703
-3.0,10.529506353305681,0.06648185224349512
-6.0,27.380964829489535,0.211628950651921
4.0,40.91096871332468,0.4631566525023001
-2.0,39.355238484049835,0.18254158219622796
7.0,27.643991014307844,0.7609649373432879
6.0,29.006716086360747,0.6039191891605868
-1.0,35.154908658766495,0.868936980080117
6.0,46.97782893985923,0.7162993007092808
-3.0,7.669739615368412,0.26848887008172384
-3.0,39.076024191715284,0.31680332650417853
7.0,0.9176235469740102,0.07933694760532084
5.0,27.611011884259785,0.765861742165234
7.0,31.84251867603241,0.55175447722772
7.0,2.5779381440192246,0.8263510563776876
1.0,29.865065505555737,0.14305117362892517
-6.0,13.852314019320188,0.9509725819593816
-4.0,3.3601161222664206,0.595036244280051
5.0,3.1920354551902257,0.397911013949118
-5.0,22.97707024810405,0.8866967137033509
12.0,23.912760861211776,0.9789089355654332
8.0,16.585473335703202,0.7830390332297474
6.0,22.024988419574402,0.26212678419080393
2.0,26.86781607472908,0.6075406017123038
9.0,42.925537432733734,0.06325161528670709
3.0,43.35338334609521,0.38716204832111634
12.0,23.179928143502842,0.6955867002097039
9.0,23.18122511160683,0.3411815697409233
7.0,18.629969212815045,0.4866709609915776
6.0,24.41276954139503,0.17293569535407705
6.0,13.57042904333939,0.7020802001511445
5.0,48.837193870142556,0.4424638453792986
3.0,3.6961757473212864,0.504091070683714
-1.0,11.546740745592423,0.04850389192196891
2.0,41.61072800892716,0.6447325767737492
-2.0,11.66983776078003,0.35551251595363687
7.0,18.517286326963106,0.5533958354880377
7.0,36.2512342646376,0.4341759594269049
7.0,40.453091201560035,0.049614866450068296
11.0,28.835087666765393,0.3756702963181968
8.0,50.64798888105513,0.7365490675257333
0.0,8.20871563933875,0.5004210105269051
7.0,50.44483307900707,0.31546635678710344
9.0,16.301735390451668,0.8972696448537906
-5.0,14.767125288466994,0.08567824452697248
0.0,12.051711698604812,0.9217629886324304
6.0,39.90621921830262,0.5694845101404253
2.0,9.946304508608042,0.8663823125621323
-2.0,3.4547742326031194,0.28350612757449445
9.0,34.54544464181822,0.3010649582536463
3.0,29.576606288137988,0.5036787508071444
2.0,29.89014112291189,0.41973152152514215
-6.0,8.353820917456282,0.8017823186083954
5.0,50.07633682585511,0.3156575843168361
-7.0,41.522610723404085,0.46443857997531623
-5.0,13.659302379322568,0.6825978047641781
4.0,26.39955806970401,0.25186417658325
11.0,0.05360108636422667,0.8262021449240354
9.0,13.478607627026403,0.7841950276321213
8.0,9.916585580033713,0.10992345991443431
9.0,5.670925726471671,0.9492723445168444
7.0,10.19403867536075,0.1215635279450793
-3.0,4.998620081458658,0.6894378590351384
0.0,30.690694187628907,0.8752503406304692
-7.0,43.34548582340687,0.30013625688509726
11.0,39.117522581032,0.9439508839160642
4.0,9.45269450130567,0.2882811973736896
0.0,39.907525103955265,0.4230298170306622
0.0,18.05342339986563,0.5708443138664951
-7.0,0.8452984416175284,0.3751239362264359
-2.0,16.343551497132843,0.3550326001025723
10.0,3.4526213180111864,0.06563142843396674
-7.0,24.605546344869065,0.1699024758809906
10.0,50.28049201417775,0.8113445569343978
6.0,25.091253135339084,0.9035868822738566
-1.0,50.141564921341626,0.9630977501705202
-6.0,10.948776809073994,0.9069868785925139
8.0,33.62460205454227,0.11866775121835149
-6.0,5.321910134467327,0.8483727363304435
-2.0,33.62603220383376,0.45616602553104946
0.0,29.235695589473647,0.7472256646159252
-3.0,14.97349040391415,0.2393456271019644
3.0,47.84074140163909,0.480728702698605
8.0,25.989668349178377,0.5584166143723371
5.0,12.915701864253954,0.0846193107002613
6.0,14.99145691960951,0.3549437086067152
6.0,36.35307048694978,0.5411116469177844
0.0,33.384235488493864,0.7177847019499837
-2.0,6.003312117036405,0.5403152710742526
9.0,10.92280974727729,0.5043456882507757
2.0,3.431701951283218,0.48760320393231105
-7.0,9.679817860413138,0.9574168846090588
-2.0,19.87568460796056,0.7512433822273179
3.0,47.35037709477756,0.7085096487893149
11.0,19.04603221042447,0.9431123559386263
10.0,0.6479041186474593,0.8043518330544915
6.0,29.5482117882917,0.10725819255748659
0.0,14.3083031310567,0.7685197906677538
2.0,14.38400276846092,0.48942354617274897
1.0,19.898623612411367,0.08498012132678234
11.0,23.60081801718608,0.5525157523018451
11.0,16.154522845534668,0.2922311407109295
4.0,36.3917394915129,0.7276988932078498
12.0,8.321309064231167,0.9756140988448456
12.0,41.89919474179489,0.44552658508634346
6.0,16.51055890132438,0.21513251592482907
3.0,42.271048926880866,0.7393327728841299
-1.0,42.19849927149417,0.425612439099914
6.0,42.86192661134925,0.9424983641786141
3.0,49.22510195842575,0.6081983805906571
10.0,34.89149700163955,0.09753594052475834
10.0,4.106503936169246,0.7582697626239205
-6.0,7.727649909756643,0.5040976509509956
0.0,5.703356509584308,0.006695046514750946
4.0,10.94168178099108,0.07030805889590941
0.0,8.478632586281632,0.9902660248423953
-1.0,24.616392719650033,0.8535533688238798
-2.0,4.368607331587352,0.338842242910414
-3.0,6.945400853728442,0.04371423781800243
-5.0,20.218254772605903,0.7488395437188241
7.0,41.843225794865205,0.7885492076915662
0.0,34.4340846511623,0.28592219654775197
-6.0,49.546075698082966,0.6089610621773763
4.0,19.120758331020514,0.04329121821645565
3.0,15.490747101936709,0.9775486903122621
2.0,24.09508112398603,0.31770353409509167
12.0,13.133458008844375,0.01531401138192967
-1.0,27.33703436332656,0.8557740320083226
-7.0,27.421775743198193,0.9225550684363926
4.0,11.589995525889522,0.23470179058850127
3.0,20.364621721985802,0.47421061695121125
-7.0,35.10213125674937,0.3282622507466294
6.0,41.24796209306923,0.2506185499526158
10.0,31.075795496623336,0.019040014756511847
4.0,4.321048802336332,0.1701268189196794
-3.0,26.766157165572416,0.29818962190035936
-2.0,8.566631450131107,0.15774974293648536
8.0,37.84807136630721,0.09832341858379678
-4.0,22.26578085448285,0.9778055185746984
-2.0,21.748080199881336,0.5561643803941807
-6.0,26.558243567594666,0.30539677293387746
4.0,40.07914740536344,0.9852695578943924
12.0,27.065675042032694,0.9925942383057678
-7.0,17.690602327787555,0.5650464521568098
8.0,29.797185812034748,0.06679217978624097
-1.0,12.573092220684329,0.5444662061087734
4.0,47.79701388547548,0.017918813686779278
-3.0,42.828694851007214,0.8399720126317901
-6.0,27.244502522488233,0.6770411799620857
8.0,35.51704079764878,0.6370942587203625
7.0,13.980111375415413,0.1854398647987785
8.0,32.363453780749666,0.35522876430040085
0.0,50.04412803361424,0.49620262466924114
-5.0,43.98038856569264,0.2552419778155103
0.0,18.700761936333265,0.7278253194715515
2.0,10.23729455725697,0.6136707085938234
10.0,0.5461934542120528,0.23211068993209039
1.0,14.738745462622674,0.6602358941218626
3.0,45.55338054836508,0.4026567528878986
3.0,15.184156681951594,0.24942573189050354
9.0,46.682114432993664,0.42939471723307665
-3.0,13.060953078009456,0.4969774192182037
-1.0,48.645517841117424,0.8515807770180001
-3.0,16.92875628275217,0.15487526943813357
8.0,13.676621784663867,0.007433916234525495
8.0,47.15501434150505,0.091091716797991
-1.0,12.28401581387217,0.18296287626977392
12.0,4.394796359761573,0.296975781125295
1.0,8.146707819281882,0.6476584238100181
-4.0,1.8776828332528692,0.986609641164872
-1.0,43.49509567708542,0.30789715126448947
7.0,11.82481185026673,0.4320579162619691
2.0,48.033469514302894,0.5271176172139049
-3.0,3.722766431226633,0.9079596177037392
5.0,16.973822448869228,0.4805711332798208
4.0,21.006302871490657,0.1384454604659654
-5.0,33.68850108557263,0.31821453194486116
9.0,1.7320467112972318,0.8664489318539448
4.0,5.7044360771005955,0.40514848934338976
4.0,40.25472343480787,0.5481633622526091
-7.0,24.05755833559114,0.9318753261353208
6.0,26.071868145089347,0.8424891811004229
-4.0,49.216485556199906,0.004515446924032163
6.0,22.703827679076042,0.40707775556442516
7.0,2.0078964905528296,0.8000080327763494
1.0,35.5607911629463,0.3642548306069373
-1.0,24.07199566848279,0.5226622417693505
6.0,28.31627282444661,0.7648008124228272
9.0,24.761256755510033,0.6428054268250218
-2.0,7.491428702619634,0.11945165186290363
-1.0,46.90884082444596,0.5438337447561506
0.0,11.339112442272878,0.6254096109775356
5.0,17.048488592988132,0.7448659205566022
1.0,36.59514123935817,0.2198707239372375
2.0,20.013418337308018,0.5551947257699061
1.0,5.540757023020709,0.7399320152832036
-2.0,8.911420424280145,0.6051220192532325
1.0,10.275971927687378,0.4162174396569992
3.0,46.013248648254304,0.2743598788819176
2.0,44.72896617974239,0.33506111537780947
-6.0,25.42212168747633,0.4579315934982151
-7.0,35.26151287312248,0.6857922306618991
-6.0,44.0197909630598,0.47828723990588284
5.0,39.782630899301225,0.8150639791593193
2.0,1.3431235165602367,0.6884315743803039
-1.0,26.043982807861834,0.7250161548401756
12.0,7.912305704217268,0.6210537548201227
1.0,47.658804320504096,0.732331149840854
-6.0,39.940275104031755,0.5723362696623306
5.0,27.839723149502447,0.8767406748172406
-7.0,1.6589710734482277,0.40663468476647946
3.0,21.725036307707075,0.17608295243974348
6.0,19.43376847043576,0.8874831571907953
12.0,30.128092048313466,0.3333064069154287
-6.0,18.868297117102884,0.1870224778860642
-4.0,12.435697888105043,0.6474814792668282
9.0,44.38843972595439,0.7053523206078404
2.0,44.81750991852574,0.45072914876914605
-3.0,49.34376120763531,0.6614699911390948
7.0,0.9561992235919021,0.7153514843867321
3.0,31.25259349641819,0.754352068393031
3.0,50.79908159257209,0.8925212119623098
2.0,28.05861008981368,0.101367602581935
-6.0,25.59683423592691,0.6120788792559555
0.0,4.310303302710904,0.8015040659719674
-1.0,48.17291794844504,0.14315438442412665
-3.0,20.415868369563384,0.47410351259565864
2.0,47.11888030774884,0.3341515461371528
7.0,31.38466540616696,0.6239837249872461
-2.0,15.394025922207677,0.8991218710721108
6.0,11.739264069708849,0.7821804490154204
-4.0,45.45544937271013,0.18721478499783217
-6.0,26.012564857625378,0.023578010842432273
0.0,49.33847788195973,0.3344619715490872
5.0,45.02474103918315,0.32768406544186324
2.0,9.086947998989764,0.48093183924358196
7.0,0.3800332474859168,0.11463197765823896
-2.0,40.24890922968899,0.37955745103552996
12.0,45.27594759210408,0.5947889563394094
-5.0,37.76647521549138,0.33619599193856453
6.0,31.197777255121405,0.9576570552254972
-6.0,44.99428646481866,0.31790469510711783
10.0,13.647347847723609,0.7607843381832519
11.0,33.79162111784592,0.6329956185548212
5.0,7.583879706786405,0.41702294794031824
-2.0,45.20547529598533,0.41114189293253056
6.0,14.722995874852268,0.9155997097257468
2.0,21.627978776495006,0.9984915790073735
12.0,10.491016041145715,0.5153399599012148
5.0,37.93825367308309,0.8249355499457124
12.0,19.26479960902176,0.788260084761774
4.0,22.628155249941,0.9549756175964305
9.0,40.64081668199497,0.01500082887326104
9.0,44.742359928786236,0.14142932810045727
4.0,13.920666025818278,0.9819201415842232
-5.0,18.133913229514434,0.931723098420125
2.0,18.637200907504344,0.20958298094242567
-3.0,0.5072444448793539,0.8478406703184413
-6.0,38.45861806683097,0.6409832197982089
-7.0,26.86319833073309,0.773923183476206
0.0,34.17698554875287,0.7728855279317542
7.0,5.022269710557359,0.1338882459476416
2.0,17.68046191587618,0.699946375245642
9.0,42.3682350475929,0.2514308708563815
4.0,1.4304507826485122,0.4076031614343394
2.0,19.736665975907254,0.7504027374243243
12.0,20.062549188153,0.8464949642812851
3.0,41.07973532207409,0.32976366022787296
4.0,25.578122950124694,0.435277326307131
0.0,10.636945806575298,0.32821571902131474
6.0,34.22860330872585,0.9841297816100378
0.0,50.39296034542974,0.5570998654611353
2.0,44.187581681405604,0.5272808165226528
-6.0,28.8663162039438,0.04255240704549723
-3.0,3.6251911597050306,0.9678384979004194
6.0,24.99232685175569,0.5893538256022505
-7.0,9.369081028982281,0.9542784767007855
5.0,6.1694873874803156,0.8847672557528022
5.0,24.531778354992817,0.1532646683924811
3.0,13.989692648523976,0.046920177583526845
-1.0,0.43456743432103095,0.6012692433976075
-1.0,40.20777354539358,0.2905299940925623
7.0,26.386237667984126,0.9724984534563225
0.0,12.03859467001149,0.880158732742602
-3.0,19.62586560670323,0.01104828124419488
-3.0,24.284627915262,0.8136628070105018
-2.0,39.6561432420111,0.9755511936726793
8.0,21.461645482363416,0.8740748057974446
-6.0,8.780747509274638,0.10099711245465348
-6.0,47.57938693440281,0.8537120408828656
7.0,22.522459836307835,0.31678558130929224
7.0,39.46124806461511,0.9292858218611852
2.0,4.096619169310364,0.7518532359885512
6.0,40.502392087737064,0.7293922396428273
-5.0,41.87531848328978,0.260378422113145
-1.0,17.105501525541452,0.08054067091398154
3.0,14.202886851986902,0.44336541974164856
4.0,46.6314013602498,0.2588454794783295
9.0,50.173887786766166,0.34201549737092984
0.0,26.70228202161609,0.7851126068316792
10.0,4.0333472848835905,0.4463048522897961
9.0,8.066468742863094,0.8286861841345669
7.0,47.9031535071771,0.025134837301460378
6.0,15.368306195205724,0.7976763659983611
7.0,33.990300184364585,0.6223522407015353
0.0,34.70853189068832,0.883041877832968
7.0,16.325297527086946,0.7556253023567089
-2.0,15.795648531911379,0.10982547340249182
3.0,39.58449029778438,0.6256410364795681
9.0,5.087035501784078,0.5464122622092663
11.0,15.238551282637774,0.9101432913347538
6.0,9.478739790047301,0.9337675157869685
7.0,41.11471355365175,0.2864541410816892
8.0,22.738349085272667,0.11490065678342631
6.0,40.923291754620706,0.18258383792809718
2.0,16.787643424317707,0.014067185537179339
-5.0,28.90209679777198,0.12713187275223115
6.0,27.447812872682537,0.5342177568359001
0.0,16.43050542827804,0.9998202871778268
6.0,21.810470181262545,0.04738165636619451
5.0,41.84726556291172,0.9076307970238052
0.0,24.195456758786463,0.3144608366107826
7.0,43.06727440509767,0.32454233707647095
-7.0,16.427965522648662,0.2736106449839447
-6.0,8.116238972850828,0.4535965704757572
10.0,29.28870727084154,0.6785884679968864
11.0,14.252080716022329,0.7916248911075834
-4.0,29.789597167058226,0.9794094172484502
5.0,6.9581754738271755,0.7126802908337508
-2.0,48.87168092112557,0.7248180601661294
10.0,6.337792779966462,0.895427132250983
0.0,46.33017004130963,0.5869231165263584
-4.0,29.97308491547349,0.5920693678046841
-4.0,2.1439692013855662,0.7746294531576521
6.0,5.361459805651693,0.8664742899209052
-3.0,11.48634008439774,0.7403404396240701
-2.0,49.20597714149573,0.3245182290216022
12.0,4.31334791135846,0.6971744757534492
-7.0,11.655582700695145,0.5287814658264997
2.0,14.294157153432776,0.5550958679946468
12.0,39.73586362526205,0.38732958215211977
4.0,19.710465546502345,0.7285402097616943
12.0,21.2458187460949,0.023632583183020306
-1.0,25.557948412500714,0.7144437482937926
-6.0,37.2974017402681,0.4145707730923812
10.0,39.63648715693126,0.7712521108834979
8.0,30.615134155091713,0.24667660711791584
10.0,38.48493462386798,0.10450992592730479
3.0,22.025753982321692,0.5721558817125882
11.0,18.61345512810447,0.365056581285523
-2.0,47.39194155941302,0.39638219035691313
12.0,18.966346833016328,0.7175003613579787
8.0,11.070731397191238,0.4156217739129522
11.0,43.59172042269634,0.5625463926336686
0.0,11.369087212700297,0.2931241893054629
-7.0,31.292245981530822,0.5566048601723683
-5.0,30.09323751143003,0.8637527895638782
2.0,34.13268436978027,0.6114251973029956
12.0,50.68737961901403,0.12683051178168225
4.0,44.310517848527404,0.7850607069816636
7.0,27.626399595279175,0.25921910281856
8.0,19.425888235717572,0.4846040236020026
-5.0,32.52990443772143,0.6348339273632831
-3.0,6.862303762820197,0.07746698519050987
5.0,28.04146547789784,0.7483914513475977
-3.0,28.089870303189244,0.046908124933935036
12.0,19.4915065546319,0.49120537097208117
0.0,49.0024318608085,0.44550511459403597
-4.0,44.308371559716186,0.7021693769027942
-5.0,30.76805337916602,0.4598964293063641
-5.0,24.402720920360423,0.8455427668742249
5.0,47.06987703409354,0.6691058885859309
11.0,30.04272919008216,0.10566796306255655
-3.0,38.97164182844724,0.6117592965496432
10.0,14.109758217067698,0.18664332464157019
5.0,5.801981358098197,0.21765727962450065
12.0,9.714975440387,0.028300215177966326
-1.0,2.335944090090745,0.5420952738325495
-2.0,33.51413096262392,0.6564502704909342
12.0,45.847867295058556,0.6934167252587108
-7.0,1.0953914802399598,0.28211288488601083
-1.0,46.77286001781207,0.485029821750132
-1.0,33.29991523753452,0.07548058898947951
4.0,37.25378833810915,0.959644394181323
-5.0,46.765849579514416,0.3514254497599363
0.0,42.76177220653588,0.38818361992140815
3.0,32.87577481918062,0.3480038748333498
1.0,21.455277730888856,0.12383392616716982
9.0,10.814297272727217,0.4205280116612883
-3.0,20.681159025389373,0.37655758990219457
12.0,26.1071587222335,0.49597172087073893
2.0,20.210162009580806,0.9638206315404629
-3.0,39.74990677513878,0.14591291222566205
2.0,20.342305461049815,0.23889923151150294
-2.0,12.363460499714577,0.6555064265845202
4.0,30.827905075625253,0.8071867438374108
0.0,37.26333549748042,0.10268643042679038
-2.0,49.85728955989072,0.8133305938849722
-5.0,31.519885101442355,0.815739752844682
-5.0,17.06086540255464,0.021499951848761856
9.0,47.683384687564214,0.08031027650737399
3.0,11.896875108006737,0.1331352171648047
9.0,13.992540464782925,0.9070138545913239
2.0,50.72379211914046,0.9357125667644026
-3.0,12.652121652732,0.7695027984347144
11.0,28.30492948128078,0.15733225864855982
7.0,42.01735450114445,0.5752501441634463
-2.0,23.797859162394687,0.4978202482192071
-3.0,22.7460580217846,0.5598614235206936
-2.0,15.193961821744866,0.27957614555391697
7.0,21.56965542788903,0.2336720313770474
1.0,29.854887478640492,0.25661514642307726
-3.0,41.58055316388206,0.17943632038689394
-5.0,29.076376879109677,0.8621952623702388
9.0,27.765312068159215,0.40492448509396983
12.0,46.44157235413237,0.41208454844302644
1.0,37.444019721084054,0.1913873710662315
2.0,25.626444036492373,0.9819433735819808
12.0,15.776340533728291,0.009888909966487947
7.0,31.588201374417217,0.9890551438027955
4.0,24.491262470112552,0.5825344665493515
-6.0,22.82274990224577,0.6692234692014039
9.0,27.46678208765106,0.21987465115878257
9.0,24.7992686244311,0.253215221266365
5.0,36.43299963926502,0.7913769406477619
-4.0,11.442650623992147,0.3505739363344771
1.0,19.30132233454554,0.32271019284537483
12.0,10.561908627047988,0.44108085039127776
-5.0,13.935412057703218,0.9378267441333299
10.0,42.3785682912558,0.9741469877947426
2.0,25.697981545606126,0.440237876849782
-6.0,50.24435867401167,0.11495518074011724
-3.0,50.60154186880353,0.9697070875767907
2.0,33.18488578648703,0.15532856729812505
-4.0,44.17220676763222,0.4813213774724313
-4.0,18.38988398278179,0.11710084901561557
-4.0,47.72010679225414,0.3868799550794175
6.0,28.698868779065183,0.389782566239792
12.0,26.8739106682177,0.7889012372540529
4.0,35.23695114662113,0.8271580983391186
3.0,41.85172923538619,0.264446969727799
-3.0,23.375343997743645,0.9315895251790534
5.0,5.709399530113855,0.7969948724208303
8.0,13.685427919818167,0.35516180507584527
3.0,7.787541743888315,0.2917397581000054
5.0,0.8224121113857603,0.6899140536383446
-7.0,16.44823479386547,0.03433456393623624
8.0,31.827177476633743,0.48199786430043856
6.0,46.16684692127814,0.9856465277450023
6.0,13.344311600497155,0.9539313915455518
-4.0,7.806936139880984,0.45343160584042075
6.0,34.208094750512196,0.8345106915299926
-5.0,25.459664428100478,0.9653727146062651
-1.0,7.561421914116821,0.08333824998615824
0.0,8.552365394451936,0.39341948115622905
12.0,30.690648735042945,0.9457357492249714
-5.0,6.912831072967279,0.4661254723510718
5.0,4.96346119150558,0.3931912638469829
8.0,22.056588197614676,0.7556352822397318
-1.0,9.029446827129055,0.2650560018492044
-2.0,19.19197251359679,0.33871256104340974
8.0,37.52753525709739,0.4007413677355576
3.0,41.582519764596746,0.01878799616724436
-3.0,13.049264537687295,0.018079381550527684
7.0,27.737186920694608,0.1491678975304861
7.0,28.398102536102172,0.21507708914445178
-4.0,11.02597410813232,0.5543362590227214
-4.0,22.464260850569463,0.5276103969412862
-2.0,29.422304415517225,0.25337615371856914
-2.0,36.17099267474383,0.058251514879375854
10.0,38.92255394671926,0.9956079100449707
5.0,36.87307559880084,0.10425653327555473
11.0,31.09660554124224,0.4986495031135374
1.0,4.263118335441299,0.12373088801787369
11.0,15.722801935162805,0.0277090386007115
-7.0,29.804983337572363,0.062037036009441104
12.0,49.55097673667991,0.8697980868862523
-7.0,21.312814678110456,0.35077483055194625
0.0,46.87669994470808,0.49382089874667523
-7.0,28.4556739928087,0.8074835563503752
9.0,35.5638071944434,0.15145419447893027
-2.0,5.11879257531265,0.10909060938462511
3.0,3.5802976160889877,0.6005793695919938
-6.0,5.696064778535705,0.06998031386725423
8.0,13.104848756310426,0.24519796529951599
-5.0,42.448669016284754,0.7710851692664847
4.0,33.085017887744975,0.8165899730540369
4.0,31.09287760351573,0.7830747488371651
10.0,5.934411281681062,0.5472908860568991
6.0,38.84020790704129,0.929306414636756
5.0,17.65096303552129,0.31833720060830994
0.0,22.24993151289783,0.345073882832435
4.0,45.800632342507335,0.6524881393594257
-4.0,34.58828164197095,0.6697010606122137
5.0,36.27569567049451,0.9482812763005346
-3.0,20.086529649838212,0.5809876962916852
6.0,17.323710872197644,0.9212504094818357
3.0,14.058823072541351,0.13946209069518933
4.0,31.91185596223001,0.42867027464159624
6.0,2.367081830419695,0.7337889515979756
10.0,8.262647356946484,0.7747310566344277
7.0,47.91714092585799,0.6687561400321845
10.0,7.594754641787276,0.5834914849795502
8.0,41.90199173967974,0.9628601712215341
-3.0,45.123316381639185,0.04973653304914205
0.0,29.8689618053088,0.8409228050389707
-6.0,45.26076986609102,0.042268143932087554
11.0,2.0976138197704204,0.9691768535836924
7.0,19.99890355518193,0.5356260977113082
-3.0,40.94996045920376,0.9352169852583144
9.0,37.18459156599197,0.5250002206668511
10.0,44.4892685732093,0.8752533581826786
3.0,6.506833419180794,0.25495736911315614
1.0,26.06212739531524,0.8238638702323777
6.0,13.559346101427254,0.4595096740759943
-7.0,23.20690807415522,0.9309987060676024
10.0,19.454414285272257,0.8298848202689759
10.0,30.950893365789884,0.1171761259772508
0.0,37.014664254610565,0.15917505290784906
1.0,25.07507108537146,0.18094356288265323
5.0,17.497793082022245,0.5351728228385491
6.0,18.22969418147034,0.6483804214346781
8.0,30.413911732062424,0.7961577632988243
-4.0,29.82230178038463,0.5962352861900002
7.0,15.824648687219257,0.00048456972668320386
-6.0,41.31414942608861,0.9211311921299852
-7.0,17.6616543885375,0.8374311030774911
6.0,43.13979827679409,0.716558432522291
3.0,11.252603135226614,0.37171026283713915
11.0,27.672512842888143,0.8209853605484598
9.0,2.649112211792465,0.1107936709558397
-6.0,4.239806057230824,0.73308127480837
-5.0,19.17320258963796,0.5021576434977222
8.0,41.763153754391645,0.9125830173103007
-3.0,15.90302239073945,0.37899906600537747
7.0,17.993579783070693,0.6284821700020681
8.0,0.640383053891916,0.006675762180066269
9.0,22.364847936975018,0.8258022435282165
0.0,26.659683035832742,0.3163373409522583
9.0,2.2769142147319,0.4808255732671709
9.0,46.84612972996109,0.48625229799723035
11.0,11.17134889279747,0.713125576787189
5.0,27.356210808728527,0.35808495767749426
-3.0,32.1968569456478,0.45544587340840126
-7.0,43.636535194841514,0.8494256500571702
3.0,22.603335724513943,0.863765190759739
-6.0,36.86320437553694,0.6849376317023673
11.0,33.05425661220197,0.3248614250605377
3.0,17.663499890023687,0.08387411942482936
2.0,38.80032584853357,0.5573170868829801
0.0,26.927222338898524,0.507841937308287
3.0,28.456358543751314,0.48261341833679106
4.0,38.8918559105387,0.48253224894893054
7.0,35.81116417004624,0.688858215619222
12.0,4.693322941518063,0.7684749465709363
7.0,0.06472336211234686,0.32401418875156895
9.0,11.538720798701503,0.9216041527246874
1.0,3.094071791942145,0.40017507974106825
-7.0,35.50645182719695,0.9519850113870323
10.0,23.421779303730197,0.0932826221017139
9.0,2.829948963669666,0.6513837660632116
-4.0,46.394347131748646,0.016211247786408922
10.0,41.08347508085337,0.042080656720398624
12.0,9.422943643014715,0.6020757834808957
-4.0,43.66491584305234,0.47562241288861173
5.0,40.36312875332054,0.13940080082069106
3.0,26.154624528443424,0.8722416948756966
8.0,29.582601819520466,0.41377122121936305
2.0,8.68120258511692,0.44379269631763507
-7.0,5.261142123367958,0.1253402562762499
1.0,11.480219820928582,0.4786028907389315
5.0,46.64165381079331,0.4744121054388353
-2.0,33.81095195246196,0.3625195784767493
4.0,8.731791885045356,0.7195391181893976
-2.0,8.466188079783722,0.14388737621254177
2.0,31.528851082412096,0.3960178282166198
4.0,17.22752394722213,0.08967828260426958
2.0,40.32460884857286,0.8670985994505058
-6.0,17.625945760039855,0.11891883011317295
3.0,1.456856175214275,0.9163362120027607
1.0,39.78122615263159,0.6046966151373988
-2.0,46.9899479798214,0.5452490179827939
7.0,23.88410781567106,0.9953332045986444
3.0,5.013143737161508,0.1995748111102431
-7.0,0.4227274908050851,0.1179956723275245
-1.0,9.257759198856514,0.42445735247948446
-7.0,43.765006088863146,0.6646967218985659
1.0,47.15455931712194,0.4214740562393563
-3.0,33.096310109122456,0.47556133230111397
3.0,6.334722228532509,0.11287367835762252
10.0,10.537894856382277,0.31268436947252665
1.0,1.468630806613604,0.9182492703435189
-1.0,50.998373099998396,0.24731342367565423
8.0,18.054683226125405,0.9728885300249152
-4.0,5.239878343582602,0.4655004247116459
7.0,3.864818076933721,0.8583596259833433
3.0,6.1528350167424115,0.48443864841024575
-5.0,34.57340219978254,0.885915544515803
-4.0,48.157043903033504,0.6686059825035959
10.0,9.242659161621589,0.4976966814225944
-5.0,41.19225901591203,0.6349950918650542
-3.0,3.7714501702145786,0.5262699759037059
-2.0,26.097134827195482,0.12206595752076488
-1.0,0.47431317788697835,0.7356348164905988
-4.0,46.15378426698023,0.19029436899834806
12.0,25.38861627512578,0.40268203252082857
7.0,2.257627168351548,0.29585315593126016
2.0,32.0768628388743,0.02931386390331503
10.0,40.72101515371777,0.12596210900411897
7.0,0.9917520310820492,0.24414259435571506
6.0,16.55314108594881,0.7105723531916442
10.0,9.582164384357633,0.9981307466152866
4.0,36.72017470827117,0.5839836005469321
1.0,12.100629441037144,0.22874515112576055
12.0,41.91447467558265,0.6242621079039031
11.0,25.220535024470593,0.2503513668106516
0.0,40.24371789991488,0.044095936613115616
-7.0,23.132429129342402,0.8100060584477027
1.0,27.128280103430555,0.2774067145808782
3.0,15.718889563594463,0.06995976127641457
7.0,25.926090521078724,0.6743168039041614
-1.0,49.27277158213106,0.22507929411295424
5.0,28.996877989290187,0.8275681202942333
-5.0,3.018474738978696,0.809129924407926
-1.0,17.6762597858755,0.6036384797114818
-2.0,22.440735773235122,0.8369876460953254
7.0,0.7984655315186455,0.8668576062955965
9.0,42.14567836522283,0.048831211751743875
9.0,15.40462750265625,0.15268411300471763
-2.0,43.956563234917134,0.13339068473941018
10.0,24.86230594930501,0.5804054996968463
10.0,21.28444640169844,0.642725375384681
11.0,37.31093646340995,0.17341687845184328
2.0,1.2817933807956305,0.13627485060856337
11.0,3.5004557158492595,0.17862546421378644
-2.0,16.994301996409735,0.10107157951578827
9.0,19.21858221256227,0.7413463172998931
-2.0,44.79638538163658,0.38546371746289576
11.0,37.3648154596542,0.07861496051285677
-4.0,11.103834132548982,0.4725642729813234
8.0,21.092411593241952,0.3384762087980816
10.0,31.575816658522626,0.7514234188801495
6.0,13.345334169219859,0.19866026350049304
-3.0,39.49146201896386,0.9250919055979259
-5.0,30.20675634649573,0.794111909433249
7.0,44.69367417837416,0.54535029832659
-4.0,29.077221891327923,0.9414154207098293
4.0,25.02967332574503,0.9261799654497057
6.0,46.73409150124166,0.9116663715345688
11.0,46.0850431157104,0.6663129910033446
11.0,50.16166576479686,0.8812468729142425
9.0,29.609813753726353,0.7930402326749676
-5.0,50.004541538084084,0.4913833089399693
0.0,43.225335031420215,0.891336783857471
5.0,27.39552367646877,0.2795597336146852
1.0,0.1684058850503145,0.7407674399590455
9.0,15.387921187867853,0.6730539548096333
5.0,20.5844177357261,0.4385705562009947
-3.0,20.46385069042195,0.7970807006992636
-1.0,22.665415436114515,0.5573764659092595
2.0,20.785199583104895,0.11624326399816942
4.0,5.3282025320373245,0.7483468336693663
10.0,16.20904443244654,0.09019668436550976
2.0,8.162026989239447,0.6061012915846695
8.0,1.5104732812058623,0.8539218645197372
-2.0,31.378613748796358,0.2968372327623454
-5.0,28.03743929843822,0.38134042233470467
-7.0,36.0004877432387,0.2073441107579116
9.0,10.318448824069131,0.8767936841198698
3.0,12.51257824067838,0.9225185500560144
-1.0,10.490770471648723,0.7941824045605517
8.0,3.0463770233715586,0.2786182740259945
-4.0,16.250066494559192,0.01496390244522039
-4.0,17.09681325204211,0.15361754435007846
8.0,22.655621324534636,0.5364108426662235
6.0,33.838516233801606,0.6726224964328057
0.0,22.10254136226691,0.11035561753290912
-5.0,18.22935563464401,0.2824951369115939
1.0,4.111340529144829,0.20016417464715974
0.0,49.83573697177055,0.9334857873705044
0.0,3.1141232874455813,0.18514346617220956
3.0,36.98623902431308,0.39824490004204416
1.0,48.464894791116784,0.44627709100223645
6.0,44.7718141943023,0.26480659350488567
9.0,30.018156705767165,0.29229118814693944
-4.0,1.0739046841509703,0.19115962196920566
-3.0,3.1103005303452997,0.09465300578455216
-7.0,38.993055589986085,0.08680709595353786
-1.0,28.839557789022233,0.722047824664434
12.0,11.820705161575093,0.34855496474744707
3.0,35.31542287015263,0.11882313584246762
-3.0,23.385427125852097,0.39178071649657076
5.0,18.727885071541714,0.4992142884001194
11.0,40.7988473466042,0.6332314044842412
0.0,29.89219873397656,0.341638286278349
12.0,45.74840571215562,0.6881148638511225
3.0,45.18138272033072,0.1439177633731844
12.0,16.033394395509315,0.07962800321826469
-5.0,43.68980847786876,0.5749949350890236
-7.0,49.83503643792323,0.33322360270413787
5.0,38.186578829948196,0.7881048895541735
8.0,45.41261974034548,0.9499616936305112
7.0,18.6729367474363,0.4696343996867385
1.0,24.171873265993295,0.1057350167047878
10.0,50.21561851861572,0.17075038234775897
7.0,8.012597368734056,0.7692749985501695
-5.0,9.526607451096066,0.6643093265481202
5.0,14.691178438239398,0.4614831784871233
6.0,12.070367760536216,0.852631492385152
-4.0,0.4342739756914623,0.16585521470951492
3.0,50.40910755075197,0.2502490945347331
-1.0,46.07595473489572,0.12319650928282577
9.0,32.899544855859325,0.0075193157342346995
12.0,8.327277721021456,0.08194887497855619
12.0,12.207378378267881,0.35793615569243253
5.0,21.73332387851825,0.3243178362375976
4.0,44.96057478645476,0.15249310576680886
3.0,40.58525571158714,0.6600042821497011
4.0,12.078339299949613,0.030503816856068733
11.0,18.0503613404321,0.007058823013492255
4.0,35.9944565290514,0.25209602631027417
9.0,4.156107327538488,0.03149195265906968
-5.0,0.7037678134217871,0.7482840111861778
5.0,47.4601975154774,0.02548274513581128
-6.0,46.52558430093098,0.3463856470825285
-6.0,35.07754817319265,0.619661702970496
5.0,44.464128408035194,0.7988845028946167
0.0,16.24149915634146,0.42173634961438555
-4.0,42.31113149793893,0.6287494511106537
5.0,30.31611643972437,0.5623073266225405
-1.0,50.83760278071434,0.5561084848260671
0.0,44.01768779115332,0.9820604573562609
-4.0,6.61607650704001,0.27689322384949644
8.0,16.445472963537775,0.9173190052614326
8.0,49.48242433435286,0.6712969731891579
1.0,38.005875001437914,0.28648052249345635
9.0,30.049482589087226,0.6788140476883879
10.0,18.046313775767487,0.1524005214090005
8.0,28.468901757264753,0.7183931441725562
1.0,48.75616811973758,0.9813275004523285
-7.0,34.62374402864339,0.6014961087668135
0.0,22.714215842311138,0.9754467401565586
-7.0,46.689370174598935,0.17395628731210488
2.0,11.92768073052194,0.030104940849292383
10.0,21.25349667588608,0.42621313207551725
-7.0,24.203340060024512,0.49558646809065965
11.0,22.61430569451776,0.2735955712883492
6.0,13.745030852912857,0.10493177058517422
11.0,39.72005169420299,0.28662788139494955
8.0,20.219269878250863,0.55886127909328
0.0,30.689864739882584,0.2217486499173894
-4.0,49.8413883142518,0.5253988354403268
-7.0,24.30158721538067,0.7554567773526079
9.0,47.63703449713455,0.07794119909562258
-1.0,49.332336658903344,0.8349067773280677
0.0,31.880791839433655,0.09820349120390692
12.0,39.66213843125033,0.3242892853167556
6.0,20.712408607001105,0.832493145919653
5.0,34.41118400087977,0.6822890361007433
-6.0,45.30573852570339,0.380803618277613
-3.0,24.0674349375124,0.6877043673289
10.0,36.18287609217289,0.7373645010911748
-2.0,24.260306187056113,0.3931032342590284
0.0,13.770118634906058,0.9515188220148451
-1.0,39.42696848555678,0.8338079151131558
10.0,17.423818485601064,0.0954903332866196
-3.0,19.416481802495166,0.019094211341962652
3.0,44.97189640782288,0.08796786151233404
-4.0,13.840284978648711,0.4931490292397466
8.0,3.2834123629243575,0.14721897234167247
1.0,36.933213161934944,0.8697992165501937
2.0,17.12138368054988,0.13893807855465712
2.0,26.945913569525413,0.5317512743546278
-2.0,39.740858615366506,0.16847690785620562
6.0,19.213526036773608,0.5812409387959578
4.0,7.47405998967885,0.005119488549040763
4.0,18.393052363936505,0.008195687543478658
-6.0,45.87512818843373,0.07058262703786711
7.0,31.015777581770273,0.8711099581483823
-5.0,7.395688604478344,0.6799505684612012
-6.0,17.45660738106604,0.6270684716350868
3.0,1.9432690046601004,0.25833530450766873
4.0,48.10215690589805,0.08566009820602272
0.0,16.341682866064822,0.06358273242614476
-5.0,40.87694270676382,0.5810819053719962
0.0,33.299233178368006,0.12220980933923598
10.0,10.77439006359108,0.6257570173263582
3.0,40.63853553644871,0.021171360716958132
9.0,34.902925106204734,0.42907468697600537
-6.0,7.888729112133903,0.055969102377640634
6.0,2.4405743184212643,0.8672641728694933
-4.0,44.37206791514449,0.023495111643107802
9.0,49.1129593232925,0.7935175015395975
4.0,45.35622198760042,0.7482096039805203
-3.0,42.867616402275395,0.32816258177404056
6.0,8.669822280396168,0.7176564128737545
-1.0,9.415275326500621,0.15244431382089163
8.0,16.359077816348613,0.12285410170564592
0.0,11.38986769124391,0.3845615314831037
2.0,0.8197343320735341,0.9204311354745535
10.0,26.75738427905236,0.24309389030611062
7.0,16.32281643109293,0.6072701348570958
6.0,37.86220081335477,0.4130363190772557
10.0,19.427328771364223,0.22353712602512055
-2.0,37.97745461846473,0.7851206669933836
2.0,7.016609919735473,0.6349852063022573
8.0,0.23287135388946734,0.8512316514885434
1.0,36.486533848642054,0.2741892466714937
-2.0,18.830578409376482,0.2375740047948688
-3.0,14.849767664274784,0.5292498315649851
2.0,13.992488215510047,0.39989000379623607
9.0,19.20816636316001,0.28380006378174216
-6.0,48.39961838593574,0.8697184410663161
12.0,10.565368662837347,0.3043076589001914
11.0,31.89944734857707,0.3335998056116257
-6.0,0.3102484862804604,0.9347523055103715
11.0,1.9355379556307786,0.9133757365350493
11.0,35.255296523261165,0.0919701239988846
-1.0,36.207362830859594,0.6573402100569435
12.0,47.926074474534346,0.2538749421760762
2.0,29.338332532861138,0.616552680139107
-4.0,7.182481219750583,0.06132127778318275
-6.0,5.490159788273919,0.6240047607713276
-2.0,42.98537559178661,0.8455478975373801
-5.0,48.19382122696196,0.9742789841761433
9.0,0.5965395656291629,0.07387464552926992
6.0,14.349920329051432,0.5224524541143735
2.0,31.33176037422403,0.7591751162105422
-2.0,4.826925263424302,0.5954596784648661
0.0,18.71643693290951,0.32530922277317
8.0,30.248121109441634,0.5490539788715767
6.0,27.654110864677648,0.28779778794846933
10.0,20.696540519025817,0.8203966318437568
12.0,14.327702624643507,0.9342829950067092
-2.0,38.86380270816318,0.6568193479592542
2.0,17.062989187927162,0.8907504111870018
-3.0,45.76079228357319,0.636179484579458
-4.0,34.574283366698786,0.5311690277867626
-2.0,17.48521987958307,0.4649751001660629
6.0,35.24161312981745,0.9542738359936841
-4.0,21.96719941849419,0.9294858961507325
9.0,18.357296807730414,0.6776414358438129
4.0,5.825090425471997,0.6663542376978615
7.0,24.38995366695321,0.9839123751085238
-2.0,47.436009552714765,0.9756106810286783
6.0,5.981653237198129,0.2691441278715274
8.0,33.92529547863922,0.42213634439043113
9.0,6.97524972408212,0.13660027786009543
-1.0,25.885346277802093,0.0008196823478291426
7.0,50.502098736048566,0.6126239712689165
10.0,41.135231573239736,0.2806112304181224
11.0,49.918182327240785,0.43365292803957234
2.0,14.986669578100114,0.9820972105501374
3.0,27.545859105166222,0.7218943826944834
-1.0,39.878406961140435,0.4320202422276044
0.0,32.87746859102941,0.06873330117232124
0.0,15.277978489948248,0.9044622228855129
2.0,3.1063597401619476,0.5612106115001876
12.0,2.746733074269158,0.7547672297357769
12.0,44.89765045508142,0.33103095816029837
9.0,38.834991574277566,0.1473090374782814
-6.0,43.77679362769779,0.7937670645482915
-5.0,46.01883464554206,0.8332418379136083
6.0,19.422638223474724,0.7666067059413653
10.0,4.5405532163276305,0.7612872243677955
5.0,41.630324862899506,0.54194373937247
5.0,2.8883667425752115,0.011144686621541444
-2.0,28.601735715635815,0.7615365027188401
-2.0,19.89355201132434,0.8830128433903757
-6.0,25.690578469848976,0.5993684655094331
3.0,50.866553880319785,0.5547220375005227
7.0,46.62129910906918,0.21881134318773754
10.0,38.06633298826032,0.3804100943470421
12.0,50.64855395979704,0.8877803299036996
-6.0,7.349425547818601,0.045154959337008194
10.0,37.69784190526688,0.5222510592283083
-2.0,41.99530074007623,0.0017239248703757593
6.0,49.44137945133007,0.5122128667266931
10.0,50.098210241761684,0.8689223356895888
-3.0,37.50958705503203,0.23568049126459123
2.0,3.9129242350746543,0.910551136213822
-7.0,23.965388575113124,0.6023528680374474
-2.0,12.787568000702148,0.5248299349119933
12.0,27.3979713932159,0.9651364081966104
0.0,43.388612638613864,0.5376729584222728
6.0,41.604132242903745,0.1223750303623874
11.0,3.4218058975052497,0.5201161385908338
-2.0,28.481295715153713,0.4710221423487757
4.0,19.343756786186944,0.5035615794037993
12.0,8.31706461835796,0.5581804185034157
9.0,30.62729321356452,0.3033224797553603
1.0,15.320901567269406,0.03328678533248586
11.0,17.13314491071349,0.7662893033786158
5.0,20.245100007083938,0.2367503402309733
7.0,31.750004553639787,0.9411949356404274
-1.0,4.095704086457582,0.42640415638016016
9.0,16.70833809266134,0.845883884546978
6.0,27.760204573311338,0.08225150085515476
4.0,35.99493750130974,0.5814950260219568
8.0,12.568853567844215,0.08662559161655747
10.0,5.908320488897816,0.07132316497184044
1.0,12.87673545144388,0.2576489569353657
9.0,32.059416733484326,0.9280909056321716
-4.0,10.07280200644811,0.16509544182341518
1.0,42.69686954616258,0.998041239910412
-5.0,16.189660180295842,0.16789372580595774
6.0,27.538182490103157,0.7009733969980458
8.0,22.30497529277028,0.5893162341576045
-5.0,15.81174289502329,0.8310021641081066
-4.0,29.13708255755393,0.3747753692580986
11.0,11.528969981985105,0.6634978326643991
11.0,14.06018502008725,0.9919718956795458
2.0,38.34554218200875,0.9774645903806333
-1.0,35.75572790169251,0.6257041420613997
-7.0,40.79414715492952,0.030396087057974808
-5.0,46.56599677658459,0.7769841549118846
-7.0,40.16568431936877,0.23787213427844012
-4.0,22.8420708301652,0.3477993234801042
-2.0,18.573458866790236,0.15384876552641613
9.0,43.387969255627844,0.14960163286221517
3.0,39.17278772938657,0.8149040695135119
-4.0,24.762233145707732,0.7005529881297026
-2.0,25.5357388347675,0.646203122648701
11.0,37.17498303065179,0.6717907663408006
-1.0,13.880528500047365,0.9305088809831379
2.0,48.98473521530459,0.18942146916644154
-3.0,13.236495455724459,0.9242400653394836
-4.0,29.335216828945605,0.5028896895268768
1.0,13.100769024408683,0.9852934984097715
4.0,9.435077812432827,0.22681204080383488
8.0,10.072581175227207,0.11366067180198469
-1.0,18.919376199516073,0.18371769037626973
10.0,45.13070269987581,0.706287847930085
1.0,23.519699858362,0.3654747432774714
-5.0,21.924361233905778,0.8773834361822154
-2.0,9.102881133926658,0.20738207973946277
12.0,45.188915064166366,0.8946094169136952
-6.0,5.590402215736029,0.04279143052818313
-3.0,43.769216008442505,0.06637462028614616
2.0,45.42883302414058,0.867261886182978
8.0,49.78513938160656,0.3632933969866693
10.0,24.205739076586095,0.5462586345647724
8.0,18.280931924041894,0.6437615943358441
6.0,11.644345578586812,0.08238752098681879
6.0,13.216016122817818,0.5708497023497712
-2.0,20.417926509935096,0.5655506865579537
-6.0,34.45677476937615,0.6215777947447108
-5.0,10.596595547205295,0.5261388775365861
-5.0,21.69618597071192,0.5216568517096426
-5.0,26.348935528671333,0.6507943454522587
-7.0,44.54309819700554,0.7218680461015372
2.0,42.337968183702834,0.8017471673568808
11.0,17.67536327060973,0.8747802487485598
-6.0,25.8545271326818,0.9110344653202803
5.0,2.1442698341969226,0.21404712939771742
5.0,19.653485440524815,0.5252731649716086
0.0,18.66365270845957,0.5515596023433451
-3.0,34.25119546271447,0.5885386711105794
0.0,18.356491835047787,0.9449119067419903
-5.0,32.89599680346993,0.3257769671250683
-5.0,8.70349278298189,0.32596971888079673
9.0,16.588050970064202,0.8051269580235423
-7.0,47.27245210244348,0.06562280609912008
5.0,37.18361284306923,0.22194121280533252
1.0,35.653712448415895,0.8982122858731802
-6.0,19.681906846155115,0.033623936152996525
0.0,35.5842393489068,0.20247791544950144
2.0,0.5104229387975588,0.2529117102608641
5.0,48.21222400386813,0.5384530169981716
2.0,5.146385691438196,0.9522899562379614
8.0,10.637556061929267,0.2873370858579126
0.0,24.420531886232553,0.17712700723075447
-4.0,43.444355034017,0.7352168875503262
11.0,25.38325049439399,0.01303970858479997
4.0,45.760096698099574,0.5483956988422369
-7.0,48.054012810364476,0.20027525479810226
-6.0,2.2914011357561823,0.3184733956996232
1.0,34.903629696644416,0.4936691640533184
2.0,41.557674374521945,0.7666888039641708
7.0,43.62457919740917,0.75558731676916
4.0,3.872807943224442,0.7203179211075357
1.0,34.74421914629038,0.9354492833169293
7.0,34.48085221053761,0.5411232303936894
-3.0,8.168406391834552,0.4674732862929163
10.0,45.322892693232454,0.3564182759418165
2.0,31.182138410402825,0.36307162352438593
-5.0,21.972018342042897,0.77860314691673
11.0,47.06927190041871,0.9442993670864821
9.0,34.79185915119573,0.8225474466188888
-1.0,2.5871720500697197,0.14110694018021175
1.0,47.576507295650146,0.45575204988501594
-2.0,33.25197723883812,0.4706383970540736
-2.0,49.082259804776754,0.8168566243365813
-3.0,34.08413651715571,0.6181408470579121
9.0,33.1963312584345,0.3391972534495077
12.0,22.87574222073603,0.4306035931140918
2.0,48.45012562134998,0.36632740390190854
-1.0,33.11576497714734,0.05699776901085929
11.0,32.31298887313161,0.0825332483883281
9.0,2.475091451540359,0.5602366347230235
9.0,27.279722145242452,0.4165451356845924
-7.0,0.37490990741535113,0.5295676740971569
-7.0,46.348853670040945,0.19558930184815615
12.0,26.952044268799867,0.3323474497561867
-5.0,32.96715125137024,0.4096419131638239
3.0,37.09999575902495,0.4460491841619548
10.0,13.151113721139467,0.09636316406216305
2.0,25.86429606250256,0.7458840359537241
11.0,28.46935603834358,0.7699305055479151
7.0,48.71162874323696,0.6667652043648337
4.0,42.62081739005163,0.9794080853530536
0.0,14.104761524588554,0.32753058842681904
1.0,10.323961146499116,0.29681650825813766
-5.0,19.89076702102216,0.2918734275172784
-2.0,2.7446823405027505,0.06437489894012316
-3.0,37.19980847679625,0.32898598493014475
12.0,40.91288609990846,0.10605331433970078
-3.0,37.97126038920334,0.8720529235455239
-6.0,5.5946946230651795,0.07472473138575864
2.0,39.875360744226136,0.7805296425247916
-4.0,41.95116208324902,0.13325627139932406
2.0,39.802795132442654,0.9843563940863662
5.0,21.10404612392125,0.2744126783071401
-5.0,37.271797730845556,0.9149461204168297
4.0,3.418301559557762,0.48553929847726407
6.0,32.67003043482653,0.5595466047280052
-4.0,13.906026109122887,0.2076346631158451
1.0,34.99329155403518,0.8261998723521857
2.0,48.07261376159779,0.15419896502233188
7.0,36.80794202303907,0.9984699725356054
6.0,28.365688373013384,0.697221423195472
-5.0,11.940999550184804,0.5123462862722353
7.0,18.95755653453906,0.45169197485324375
-3.0,1.3176683437820853,0.4330335971351347
0.0,44.47068200493955,0.6967397111663459
12.0,49.555955945947474,0.3373584439215025
4.0,27.274449797435818,0.763074441442669
-6.0,23.02552112394912,0.331121691232079
10.0,34.17650040204524,0.7885197321129221
-6.0,14.223601815658789,0.8414454979973408
-5.0,0.5530831133364515,0.6523455761692943
-6.0,6.890542834394953,0.7816950501696459
3.0,19.433334374287135,0.06809994494206373
-3.0,50.68695809240769,0.1456623100699651
-3.0,44.51614490866302,0.799414089437514
7.0,25.67072713211017,0.33959022225697744
9.0,31.472709213980522,0.60649006830453
5.0,32.238305753221994,0.8862882895380912
11.0,14.206945554365841,0.8991423371358821
8.0,4.76514667959599,0.2603785490729319
6.0,40.2720310117814,0.4800126377232268
-6.0,0.3848150011853535,0.7431010289274305
-2.0,4.936536632485264,0.6913242736070881
4.0,32.3444634215358,0.4474994023195773
6.0,0.08305653051100514,0.08297849106315747
9.0,11.15478643966222,0.22863909732284904
7.0,49.27284183604679,0.4912275260338854
-4.0,2.0000180594221,0.5064918281756366
9.0,48.28861561293842,0.26684686117566025
0.0,49.17202063226255,0.8763614053388109
-1.0,16.885046183774694,0.44784376039540075
12.0,6.159538177961254,0.6065600136400855
-5.0,19.146232587108774,0.3051030454266752
12.0,8.849647334749942,0.23112819508116833
-2.0,7.3785912934955995,0.6795818127152876
3.0,47.212324879381804,0.6697159290255962
0.0,29.371145420704266,0.09697866713465775
4.0,47.7060313603994,0.06184294208911667
8.0,34.815334313549364,0.2646229550846978
-6.0,41.15123166964127,0.568049678053999
2.0,21.69032126492709,0.25411719434456703
1.0,18.75150218611122,0.3282956821576446
5.0,2.01957661696767,0.06071586261682782
6.0,23.445249269701726,0.12833252256281769
12.0,13.564227392520934,0.09057824726066799
12.0,23.133333213045738,0.22496582737000315
-2.0,44.394727705367224,0.4184056043753044
-3.0,3.2002341452963647,0.5041141009988102
-6.0,3.6440490573130946,0.0030098516727753433
-4.0,25.475241705640023,0.6510979720064829
-3.0,38.26878141154211,0.17756852899747133
12.0,11.696458561001304,0.18289407139612734
-4.0,34.91592520884654,0.4962189020566423
1.0,5.1074100811134135,0.8145394907945988
-1.0,9.749916809241064,0.8010910515729254
-1.0,29.85181582759246,0.46483417869335375
9.0,46.22904826408013,0.7353934627941817
7.0,32.198960823070124,0.3559559864062296
3.0,3.0509142315893882,0.8372554303610492
11.0,4.210249242750772,0.6083593924800843
-3.0,44.728318526268986,0.6166589011673573
-7.0,24.499806602760625,0.8254264835970773
-4.0,16.768784523285028,0.09409439366636951
-1.0,39.9576716219034,0.41529711061832975
-4.0,23.879667181686965,0.42051105786135
8.0,17.331793605360495,0.9554848093232037
-5.0,29.772470647425312,0.9768998001816727
6.0,10.592419266592778,0.5361404357792027
-2.0,41.756490608620624,0.09593822653032447
-6.0,45.29687074099957,0.6294856440774498
2.0,49.20216353757156,0.4876887386538208
11.0,29.478735492014444,0.514712281960843
3.0,15.180402399514813,0.9055968808213543
5.0,34.79563200174582,0.620582344295694
11.0,20.140303993807844,0.8883625410653637
11.0,24.942347462140837,0.38585200092109695
-4.0,4.6013258421499295,0.16002304332175155
11.0,1.5735689260552372,0.1564229270532046
5.0,9.191067384565356,0.5136935367585959
6.0,7.197543073901238,0.34127764708698394
11.0,27.03798320839246,0.23022393137530017
10.0,5.284901459691392,0.9662742127460605
1.0,40.60128533305813,0.6603928358958362
7.0,42.29183364430533,0.08849794910754027
8.0,36.833411721882825,0.35524759112746296
8.0,11.374113731563021,0.8054005774333207
6.0,31.165156939897297,0.3617893586589209
1.0,23.90175264158642,0.4226176957215795
5.0,8.359620449464163,0.521383515022931
5.0,10.038337111260066,0.5311487090635844
2.0,11.758767529425622,0.026684618873515475
7.0,4.627652644977973,0.7090834100598356
0.0,11.228545251995229,0.4018736785535013
-7.0,5.326705381002737,0.4538626765838897
8.0,1.8257253336576271,0.35760671157634505
8.0,21.175963896160397,0.6735686626441919
2.0,50.819217103775394,0.09228292988255793
9.0,21.38362073655372,0.20523225828806146
-4.0,10.593112941636967,0.41184429172293624
-4.0,50.402400848148694,0.8945824122485112
7.0,28.531155998493382,0.4609846611787123
6.0,6.366447457989421,0.8893869753667143
-3.0,30.728792668909776,0.9535589024554598
1.0,46.84745335963352,0.8462636275504356
0.0,16.088003868048016,0.6652965092663818
12.0,39.36207476931979,0.45776516676867285
-7.0,13.8459243077957,0.815457419282514
4.0,17.511550499142352,0.9961429401931698
7.0,42.71580597354776,0.49922214204717197
0.0,27.889503979367003,0.6490139800141522
6.0,8.92717400031819,0.00788993913158409
4.0,49.10987236979356,0.1842301767936806
12.0,32.589676353254994,0.5843219839354675
11.0,12.09594203166173,0.6208465390731754
-7.0,34.68022358613587,0.24448981679446424
-7.0,5.372313818412475,0.12992132642744492
2.0,6.329528126107374,0.6092760151317457
8.0,41.591770183293974,0.7675163972541209
7.0,17.88193763694164,0.5640981398423326
10.0,10.761489501431962,0.2789046414895133
2.0,28.60276360187623,0.6774123798064255
-6.0,7.168676553244449,0.4334296020002799
4.0,7.473251829097565,0.27097513149980246
9.0,34.545456389464434,0.18483955400338214
1.0,11.138084756776227,0.992992012221545
12.0,45.98895814414007,0.02882869633894458
-3.0,49.77543388815465,0.07657813538483804
-3.0,21.75481471180248,0.33298187349515795
4.0,35.39531188864406,0.20522747569867061
-2.0,37.9978090254417,0.12329191038892795
-3.0,48.1546342834799,0.33381260444215854
12.0,27.649802746262925,0.8373869508923397
0.0,36.069641231245,0.3034704306419913
12.0,40.927340509423594,0.34387874111517225
11.0,39.23009919785875,0.0479887201932393
1.0,4.482926424539541,0.17536446665626548
5.0,49.321624636764724,0.3834252144057122
-6.0,3.4580456527049863,0.5769617613100029
4.0,22.969818193431465,0.04432690073323653
8.0,49.217765326818025,0.2044410099187176
9.0,26.315218537818787,0.5740503048662456
10.0,22.9990313583138,0.3844599552951168
-5.0,0.06975835428308264,0.4410913450041618
2.0,28.99617441148759,0.5051246468941822
0.0,20.825307387832147,0.5368717100042312
-7.0,5.87903195025385,0.14782527027658054
-2.0,13.290300077064048,0.1910058739275563
-5.0,17.925163161216688,0.747638509931817
5.0,12.291548845870159,0.896109158410094
-1.0,40.2262543793679,0.41313821344902246
0.0,48.795942761634755,0.8293860972105328
2.0,38.03879301762775,0.5658760033841518
11.0,45.83680251077964,0.18128843843306985
0.0,22.681957550276362,0.8546455457695508
-3.0,30.20814949545237,0.14558426710951045
4.0,23.372142817206246,0.45219355331548106
-4.0,36.91380939257096,0.469539050536259
1.0,14.363930266684765,0.049298407069348515
-6.0,33.88045020828206,0.6176935734722793
12.0,44.331429262857334,0.13829660533823263
5.0,3.0889005904031235,0.0019396485361176108
11.0,21.281719652650473,0.4634860291379159
-2.0,10.83274121010022,0.6667282793422842
10.0,38.60808951421442,0.4939901098751699
10.0,31.65113411983345,0.4440502456149793
7.0,31.912826926243646,0.24006583501601608
-3.0,33.9782435311869,0.8816247668276197
9.0,12.894477264146724,0.6009177705408589
10.0,30.42571216542672,0.14794435110705817
-4.0,25.68228086425966,0.48619100327418097
3.0,13.638515378425343,0.6213027108813788
2.0,28.469597670296498,0.1865434703170742
1.0,3.172303340513656,0.6277633008973846
0.0,19.441017186798014,0.7534386585525348
10.0,3.77417408152579,0.42970767494295947
6.0,7.302367026451532,0.47808498596069704
-7.0,18.9188827395603,0.0024186443051602557
-2.0,22.14653789986234,0.6118993688848308
11.0,20.277503352002043,0.7781347619621034
6.0,42.168596344031954,0.8671258235530535
8.0,8.913466053428923,0.780092013858456
12.0,35.63314843349817,0.8840341913314268
0.0,26.689221577943783,0.5374480072139823
10.0,19.63236788765162,0.008135078726317357
-3.0,50.683662184986105,0.5190707472148014
10.0,41.2009954829683,0.08166760837480047
12.0,46.17736989713814,0.3336834616642905
-6.0,13.852783316726745,0.6037447053930647
-1.0,38.63010201744574,0.5265598678511644
10.0,42.28106734698861,0.7769024479488805
-6.0,5.589167087849384,0.4486809546832331
12.0,3.5841661104853424,0.713065100288403
3.0,7.308413858207471,0.4525837587102902
11.0,27.691964949014828,0.4596463835976561
-3.0,12.159231984494214,0.234318149638312
11.0,35.90512669683218,0.8114000879117338
2.0,24.906398674714982,0.43396751666315225
-7.0,25.37132179191025,0.4498167170172038
12.0,34.04817354041356,0.8130531257248572
7.0,2.747098604455819,0.2442153922613034
9.0,47.06618429747089,0.34174262664875243
5.0,2.4181288483740593,0.14828248567583857
5.0,40.730616537963215,0.27318716688181155
8.0,49.428635563041404,0.9809476828741035
12.0,36.79431500468064,0.2379294641283013
6.0,20.47658145656495,0.7658854737453207
2.0,4.000911160120982,0.45829313809523453
2.0,47.343608256211496,0.534454489212696
-1.0,12.96932710331324,0.6753303546796178
7.0,16.658896093223717,0.3020289860855948
10.0,43.32938985305233,0.34143486239533405
-2.0,18.06212958159672,0.7261562614920932
3.0,11.775545140450847,0.15320241927557354
12.0,32.50531796363306,0.8608386626833333
2.0,47.49831440195214,0.3105479452857991
3.0,3.3221149353296204,0.044808329490612864
-6.0,35.047656820398835,0.5562253199300502
12.0,5.730965970400932,0.9137720435350377
9.0,23.247922650576683,0.8602596692843797
1.0,21.844697237681945,0.30098340661137624
12.0,9.28650278018237,0.9178568161625714
8.0,12.543077747326821,0.30760686525348313
6.0,30.096566801904732,0.48350454311110946
5.0,36.15300623564724,0.42467148394929966
7.0,1.6395044552894393,0.9437628538838508
10.0,10.77430952067917,0.16683212360018385
10.0,43.10751123737778,0.8943607670572612
-3.0,17.527647121493825,0.2643340502742807
-1.0,31.61595229037485,0.9526568551750767
1.0,45.17361308428306,0.3162303520759684
1.0,32.65639917752651,0.503700912933501
8.0,22.830770415318522,0.09776172231961222
-4.0,19.426846454747203,0.06599020404850786
3.0,48.54275333337098,0.12029567569892385
5.0,43.33450419788871,0.9945803273587728
3.0,27.11898985762026,0.21272775194142268
9.0,29.8382208178553,0.4966951942792065
-5.0,23.245909892230323,0.6663382086134862
1.0,38.50337731597806,0.7878530818732261
2.0,0.5267185723256743,0.2663665252426999
-2.0,11.224293482073868,0.7389123078118326
-1.0,14.752015914881225,0.6765176937838864
-7.0,45.553930014425326,0.45640105350263405
8.0,23.108472428372743,0.1441701332227745
0.0,11.048412833349687,0.8485064702723794
-4.0,28.254618265479834,0.07446794911000565
-6.0,34.13349168023671,0.9898599824644464
7.0,19.442954646773025,0.7684080624898711
-4.0,45.953276498290776,0.5446652596521132
7.0,17.050871793641065,0.6455561249935247
-4.0,50.47691705482613,0.4421931172744875
4.0,31.23926496649313,0.8603878129052075
9.0,34.01377106460458,0.5292014075009057
6.0,0.9487346181182341,0.6985571271887989
-2.0,24.20559857283288,0.204547787604775
-4.0,22.10694083108377,0.9336610072268133
0.0,39.89206054205983,0.7064736263455309
11.0,24.99564573555529,0.9251081286371159
8.0,30.314139491438983,0.06325228508128766
5.0,44.009152750053985,0.15506035040310928
12.0,21.662416428449795,0.6151641956964119
-7.0,36.25763826911228,0.1264621177364751
11.0,39.138042505393926,0.048849939696980926
-6.0,1.5839619168222212,0.2619611166208258
7.0,26.92141522337049,0.3185959517250456
5.0,14.44972996143367,0.7838101081878327
-6.0,38.75066399163039,0.8604235055600831
8.0,32.10981088782429,0.01864290072802488
0.0,22.279117597082692,0.31074239292490313
-1.0,12.396279462854238,0.5852355093251472
-1.0,18.12468309774022,0.18420468494959508
2.0,3.5042773795887316,0.5269269115402259
7.0,14.567477790011718,0.637565648987416
4.0,37.50017730975337,0.600116651027496
3.0,30.47084896149691,0.2456617108819662
11.0,12.629762770653642,0.9041047181876325
-5.0,10.01759785135835,0.09099576752576255
8.0,50.18314338015642,0.014196214676473917
6.0,49.50015829282328,0.07014200594624787
1.0,3.656156902832124,0.761700446581832
-7.0,8.178398863400735,0.9309746908805288
-4.0,16.134007666714318,0.3501001706882263
6.0,18.29165362262523,0.08344150212886325
4.0,49.99369751889595,0.6278821330943294
-4.0,31.786389970302107,0.32788124305358013
-4.0,19.948184397058075,0.8703988264885437
8.0,8.11641975282107,0.7634618528235472
-7.0,44.84977521088608,0.7512075284361657
0.0,20.35890449529096,0.7629872833136666
5.0,23.005301073169996,0.2659778634485701
-1.0,48.99472812849899,0.9750042160155346
3.0,17.347857865781275,0.9323513794978135
11.0,9.063300204543763,0.8629438555144404
-7.0,42.484371529576904,0.4095214162233374
4.0,35.36116943889448,0.1141198468552187
-5.0,29.722805055593614,0.03551231726156934
-2.0,49.9703094165853,0.23920081952908845
0.0,6.950687843432499,0.5542872871182388
0.0,25.8596167095785,0.8393742492029208
-5.0,24.085580423308105,0.820979885266428
1.0,16.473455459255607,0.3870232440240179
10.0,9.527101891210373,0.26133787712019263
3.0,13.407115234429794,0.5968569512234433
0.0,49.52945575779224,0.19057892004326382
2.0,34.92363662436843,0.801315982409338
-5.0,4.487330486415631,0.6318591822304912
3.0,27.99155384074638,0.20693243946166584
0.0,25.62598106260101,0.11818841841552852
5.0,48.26811767333397,0.2049386357252243
11.0,24.22573209293346,0.9600180164311901
11.0,39.697243660029706,0.21925367392106876
12.0,41.037515215955615,0.9585223325967104
8.0,25.1738711394023,0.1573511201057337
5.0,15.005996877213011,0.7889336362625201
11.0,28.877728597513954,0.6814638777714273
-7.0,6.782595491784724,0.590470597169025
10.0,25.1334474375735,0.714817657159078
-1.0,23.840481014615754,0.13372771701682795
8.0,44.1218285034955,0.14572237052750348
-3.0,38.904906327208266,0.762213540402956
10.0,25.877789385508695,0.9178404344520685
-3.0,28.299007865687734,0.5492415101150778
11.0,6.254545224527913,0.02522064005228508
-6.0,9.84927329068659,0.3603647348765405
-5.0,5.402766303824007,0.3052943359663175
5.0,46.59289843967489,0.2157995482882371
1.0,42.60474162281949,0.6331721201466843
3.0,44.23798426195745,0.43375817130021166
12.0,50.157764511022265,0.5889733425511164
11.0,23.19391631320674,0.14770399282157765
-6.0,3.305199930223785,0.4895157381400552
-3.0,6.220903615414722,0.7699469223104597
2.0,39.85669173026654,0.044808651918238795
1.0,14.84864798747168,0.2377783305646738
-2.0,23.906740199538685,0.1867734265505303
11.0,43.11010407329463,0.19397870336541911
-7.0,4.297347555513961,0.3370524602699805
-1.0,37.694903165624204,0.8003842533425376
12.0,46.59676355326831,0.4281198985008636
-3.0,19.706406012326706,0.35165149810220775
-7.0,8.185967021375012,0.30044975735473556
1.0,30.011235897819816,0.09911976051285298
-3.0,4.106389933074297,0.7860534216319535
9.0,47.32000257481911,0.4216203889569936
-1.0,48.547832546125555,0.3736680254297733
-6.0,19.880358106736203,0.9792953065098821
11.0,43.529634300808965,0.48382890095966047
-5.0,35.41041421172039,0.8088025347271904
-5.0,44.851310588261995,0.7007051020804553
9.0,6.403182645557728,0.1364868331514293
11.0,30.871450930010713,0.2391151411459027
9.0,33.41760265501501,0.44316190348104567
5.0,44.61898450902163,0.40411836881740315
-1.0,6.51380764286792,0.9473370491193642
-7.0,18.85802726501725,0.4934834780226841
-7.0,1.4112576576906442,0.6827085421173338
4.0,19.708062249617644,0.14495804465637996
-5.0,13.310526823628235,0.5810402398540889
9.0,3.328196678805922,0.09441904751099806
10.0,14.285319577655471,0.4719848025892026
-1.0,25.277434005579522,0.6793638405091043
-6.0,40.106107470368,0.3149747259729515
4.0,43.45307386392706,0.7793850847318617
-6.0,9.332601513970614,0.338557921668056
7.0,29.052158283378255,0.6271255393753962
5.0,34.10499487794823,0.7676977020491279
-3.0,18.127603893848967,0.7804385336429716
0.0,37.14375007837808,0.5751677082049594
0.0,44.9328034969372,0.3021933172361081
-1.0,43.53521753640656,0.1772286185589872
4.0,39.79022336600129,0.47297476260683924
-3.0,24.316363684176146,0.7511313876863124
-2.0,6.701501376580851,0.19592215634275945
-2.0,9.274237721325767,0.6792425853621493
8.0,43.79429570531669,0.2000210183678045
-1.0,37.661535121737934,0.49992633816075005
-4.0,47.44878190896453,0.2437717821067873
9.0,1.2486183678786076,0.7693000945012463
12.0,36.81387853943725,0.48697677461171496
0.0,32.88289047717836,0.7411380039056964
8.0,32.6114740082079,0.5962150533744133
-7.0,13.216366971622756,0.15737411309877924
1.0,41.33173086149183,0.7939056903290395
-2.0,31.634524563755594,0.17656292762387538
3.0,7.3462797475805335,0.802159527461078
-1.0,18.53039101906293,0.024763635523028182
-2.0,15.078443068940398,0.46025891280968034
3.0,17.32123779074907,0.46476114382124234
-6.0,17.37702034039659,0.8644166288566275
6.0,38.76173007012225,0.1466367658617198
4.0,42.46811924164886,0.33898523071366127
6.0,23.29373457453815,0.6099827252674055
3.0,33.96800567301163,0.09577096840118615
2.0,44.308328408236086,0.09957596538571312
-7.0,48.72768272534181,0.7775453820132566
11.0,32.53806467384642,0.4925426650395536
-5.0,47.5910360045459,0.7861862919439198
-5.0,42.69010603623731,0.3004601119078252
-7.0,19.576009796535676,0.7648692704148704
3.0,0.5129972090803214,0.005691447568261454
-1.0,15.828340824264572,0.6703574853861306
10.0,25.86162166901452,0.7439392916786088
7.0,2.2324208577846023,0.6655702167228201
-5.0,35.237186103586254,0.15250406468649746
9.0,1.5698897023164884,0.21776223256622607
8.0,13.58571485229551,0.4656685613765311
6.0,2.650322932577053,0.20134875156993903
-2.0,5.906651885724568,0.6124678229120127
-3.0,31.03275214562221,0.2134479447628005
12.0,28.9024656441736,0.2645630020997536
8.0,47.54512197667301,0.6555178595582603
3.0,34.313997824786924,0.9341166095929708
5.0,41.702187926279706,0.13585328647358463
2.0,8.830757883481349,0.7135450460161815
5.0,30.467641768730534,0.5130189646055276
7.0,43.24437370942661,0.2987617157818383
8.0,29.157168937425364,0.7879710718069728
3.0,36.34484955333182,0.7148627509931944
11.0,25.797626786616206,0.4606636021240047
4.0,13.09969589303825,0.6720679762094224
0.0,10.621582344149944,0.8165092928392991
-2.0,36.17497957305763,0.45807716635638507
10.0,23.07675301114575,0.939574429715377
1.0,37.63199522118209,0.5471518272282027
-2.0,38.33018014428901,0.408133434380625
7.0,41.33113138013712,0.7859205833169821
11.0,47.90194518122478,0.49300599662738476
3.0,32.968851430984714,0.7653469353345813
0.0,21.341547237466383,0.0930031436790214
-7.0,6.3049598795962325,0.22033934371345354
-5.0,12.528663529354194,0.2905068309105313
5.0,38.53102124541571,0.2923241008361743
9.0,21.16741889274062,0.8926127471168492
-5.0,20.28158132810278,0.29858780131717855
8.0,0.4140464853335465,0.24533136451565196
0.0,0.7644049129538745,0.5432192169733344
-4.0,20.122007051317777,0.8004731092256939
1.0,11.656955980948906,0.06283937669856077
8.0,30.505549211635994,0.3782688380970366
-1.0,17.073443470973007,0.5945388917404839
-4.0,49.37250501771524,0.5124848933627485
8.0,12.310619204836145,0.6472377444760008
0.0,34.54061007223007,0.3680444119408597
-2.0,19.082886805258976,0.9220103911341899
-7.0,22.469984551979763,0.5704316592446473
7.0,8.200318779297529,0.2417514490263184
8.0,11.58794378511952,0.030894880327348107
6.0,38.139747590780786,0.8623709637211062
-1.0,2.6215745064699645,0.09812907511271063
9.0,4.731213045889317,0.619009935069939
2.0,22.021281070051444,0.12007984851410447
-2.0,38.95351446616119,0.3177582680236176
-6.0,18.075394293826548,0.8587181288975685
6.0,10.723488102843513,0.4527501681941387
9.0,7.663353620220295,0.6943943758759923
-2.0,33.70066075444933,0.018140836238894065
-7.0,6.792332744003377,0.7262002570995327
3.0,26.796457246635875,0.30823229345030234
1.0,12.868138251139841,0.5076204619346971
-2.0,11.449688014904478,0.6868256942988059
1.0,13.449571971150897,0.4692557277633691
11.0,29.833077583928223,0.25332142501749255
-2.0,25.61425164890242,0.3768209573678589
1.0,13.068830084985978,0.06106525309726685
0.0,34.79247119575974,0.06782262629271396
3.0,5.954263553230903,0.07691539556837312
3.0,17.02588604455452,0.5507331958168563
-1.0,50.925295359472585,0.5837948996916126
-6.0,11.519081000513498,0.6169528949894548
-7.0,5.675525945600876,0.5291240006290461
9.0,2.63290870356734,0.5675150309886793
5.0,24.170982452690467,0.33268547845329766
7.0,41.365346242073514,0.7726453734934928
-1.0,24.851579590411458,0.2536265989443026
10.0,3.006887113130179,0.8471756848031963
-2.0,18.666366957850673,0.5312952602250012
1.0,49.399197292021825,0.7518331173892323
0.0,9.505599614324254,0.8466800990461498
8.0,22.95970777893106,0.38409657438088074
9.0,21.931695059628364,0.643890303839435
11.0,37.142490314415866,0.8310743758935715
3.0,33.58901170893993,0.15618512235122128
9.0,42.09902063208948,0.17349119125810897
4.0,42.79284217283571,0.1410962151142412
2.0,45.45913127564524,0.02709234160065599
-1.0,45.01838894333687,0.6856323300676149
1.0,45.448597162541375,0.09553881475693204
7.0,28.38487273159469,0.28585961993257825
-2.0,32.709427456943835,0.1795343197231568
7.0,24.529162708627947,0.16117908920016744
-6.0,11.235745333899438,0.5308315392436712
4.0,6.054539826951169,0.5719308504135491
11.0,46.586116390680374,0.6685989325377321
-4.0,1.7559982883787024,0.7811498902636843
-4.0,40.2323301428286,0.689101237498619
8.0,5.582200177801585,0.05600886121535509
6.0,37.457743503100886,0.696819452730315
-6.0,3.1571863474648145,0.6397142076242146
-4.0,47.74440630435985,0.32888128977995634
2.0,8.834067340896054,0.7739368771659274
10.0,22.79926781722804,0.7786846681687252
1.0,49.65429973820901,0.06015159466909348
2.0,12.281780303627091,0.406095396814124
9.0,4.279282849554955,0.15745990128656895
6.0,12.527890074513532,0.6797150931911158
-7.0,21.686222469465793,0.8204191445916402
0.0,27.53727461581749,0.9635026009064344
4.0,20.692226313132455,0.5764026563001313
1.0,13.997124588552118,0.1198535810167306
7.0,44.8568818123187,0.5482297007738439
-3.0,4.197345108174117,0.574106868594323
3.0,1.1097348933497366,0.3495402642278893
1.0,35.396059897381484,0.1671182016940579
-6.0,44.29783959291735,0.6957449953773571
3.0,5.333806516393184,0.012543090854619687
7.0,13.585302557797077,0.2996327160401786
7.0,44.17311688313106,0.6944438578445439
6.0,23.237181086826354,0.8422550849447152
12.0,20.677506228848948,0.9157811373968224
-4.0,14.305454734709718,0.7564552360535427
11.0,9.7961478791792,0.9080597113907819
9.0,5.5637477709596475,0.17875862425601485
2.0,31.770713461981153,0.35157032766061846
6.0,4.891464340948054,0.2541152025989417
5.0,42.46375421131323,0.3130361873254627
7.0,41.34265751703646,0.5426552649896044
1.0,22.52007296618463,0.8439947114126195
-3.0,40.038502825676346,0.9053117088392485
-6.0,3.8042883836204893,0.08438456381086235
3.0,7.015693266952163,0.9979186515265754
8.0,15.457823302809768,0.1915949079110829
-2.0,3.759662135436082,0.41175970790955263
2.0,50.58391377053885,0.6363358351014203
12.0,10.668896624985658,0.8954668177376937
-4.0,9.799587984008783,0.4578320575197079
1.0,37.199965739459785,0.6712699590432598
-4.0,2.373935335883255,0.6982900231946615
10.0,3.5445989573114294,0.987487259811355
10.0,38.54849962796155,0.8985520564923467
-7.0,23.030813338878588,0.2984894285858085
7.0,29.678611613123877,0.6304936612410752
9.0,43.27284097844195,0.03361265119977419
12.0,48.08785411065083,0.1268305132727171
6.0,31.18078180722309,0.852918262582687
-6.0,33.983339496970174,0.6567654868210276
10.0,20.407164267232407,0.5656095347269835
10.0,5.394915336255143,0.8096925731649387
9.0,40.43626487009506,0.24853964481018886
1.0,45.705757439372555,0.8281981966113057
-4.0,38.362302351262315,0.12404315389105136
-6.0,43.627509740213256,0.16806811262710208
6.0,43.7268120073824,0.17030713223556015
11.0,15.780610962574531,0.5847262026548363
1.0,1.7838778516904543,0.5061215599482183
-2.0,33.6534738487355,0.7480901798514495
10.0,22.987654777268652,0.634968818837687
8.0,10.646033619703339,0.9265035226147872
-5.0,11.82147253581326,0.29694357005087435
-2.0,47.514409069892,0.7723999408526702
11.0,36.856432400605755,0.7242283215415536
5.0,17.455696385794752,0.1895516186798728
2.0,21.08859415489263,0.14412674690498284
-7.0,46.34430056006688,0.527800091871763
3.0,37.82530549409706,0.5074592025570204
1.0,43.61146486986941,0.7744426841917718
-3.0,22.218964402524357,0.7747075219707791
9.0,1.9693448126084334,0.1587899263859205
11.0,9.018952190309662,0.6991768322727517
-1.0,36.86137660641573,0.7329712450105746
10.0,12.18797581901667,0.35336528516023624
-5.0,7.831690566350512,0.8582178596757315
10.0,39.16198384754266,0.8973268042872923
-6.0,14.789267702258906,0.24934657992002984
6.0,14.503387621002526,0.8866118303574981
2.0,45.13245007946248,0.8527948231800956
11.0,15.490686553209292,0.2588925462571554
9.0,18.478986733839033,0.9684016210160594
4.0,10.679926981487467,0.732795794874118
8.0,36.666668436754655,0.48800662125911765
-6.0,30.982413254626483,0.8777620067452121
-2.0,47.65868748212833,0.28288184020598683
-4.0,4.362945071351152,0.1829092798183688
8.0,35.155991116374324,0.901090612180346
12.0,20.462614833427246,0.33162218515446573
-4.0,11.803394894470996,0.3283545819949164
10.0,20.400825901916114,0.9971398767099725
3.0,25.34678265242117,0.051195933955073714
4.0,41.00515714196495,0.6603991022223087
1.0,0.16395916489475504,0.6025556709668232
10.0,45.5703982223045,0.6930835957539128
5.0,49.79221176016494,0.7769359051972506
12.0,8.212773826394457,0.3524187542809698
4.0,40.95554817164314,0.715517569598304
-5.0,3.3125429916793867,0.3381734304339027
7.0,30.157352532520715,0.8439729969982175
-7.0,27.152774919392776,0.6738885993294267
-6.0,11.463535916767546,0.0350941184623067
6.0,3.8605367414486302,0.7054578280859356
-1.0,1.9111035926948496,0.17155906933693743
-5.0,18.68943268091759,0.6548775676465758
4.0,31.23757879096042,0.013808298883071557
12.0,21.73046378741105,0.3167314322377881
1.0,19.87360687003622,0.21623917053684483
5.0,45.710560232181514,0.0574197255626363
-5.0,3.737771427090182,0.08875574190668656
10.0,25.051334977086547,0.8181302676693131
-1.0,36.86414060217312,0.7972635376143586
8.0,44.05497080750321,0.8540184044356783
9.0,41.64463667219372,0.5262659613043223
-2.0,36.25813452367197,0.6657812584663065
1.0,14.808853811566845,0.44296726565987266
6.0,36.921766850074334,0.32726208344247776
12.0,8.900507699248115,0.7704619235211354
12.0,27.281086796587136,0.7604746377977176
10.0,49.10241514113667,0.28644801589297386
-5.0,1.4014134154664213,0.4428049528356325
10.0,40.389566721941456,0.6618525436900922
7.0,31.451206783494186,0.5371112246160078
4.0,2.2012080796996027,0.14402267961287563
2.0,11.441926244664074,0.40995870375101573
-7.0,9.402909275667252,0.27553502015448883
-6.0,19.45098778625851,0.7198652477128556
0.0,22.368564250666466,0.5008592142796016
-7.0,42.821836886458044,0.7647833781641012
5.0,45.76507721480413,0.10792824006587676
-1.0,47.55339573228879,0.7457084105624447
-2.0,18.91038907411685,0.23475864666469615
0.0,25.289179071762593,0.6002336135322153
0.0,37.62542193350672,0.5923544965579141
12.0,14.413967897727165,0.12692397032017522
12.0,5.956369730152859,0.6267081211821729
12.0,50.95751913108675,0.11282058591315602
-7.0,38.17974637905806,0.21041844589267678
6.0,38.057571086363566,0.7087887127295698
1.0,35.48670594559763,0.14592757439652793
0.0,13.158406506149344,0.6291433685998606
8.0,29.614772261885346,0.9071394548642417
0.0,27.648975105246667,0.9909646918520751
5.0,6.9287691851082345,0.17928164619101072
2.0,45.24126242702757,0.48763868199865934
1.0,45.08969537384998,0.04162132056610346
-4.0,11.633474832089998,0.33740390948563637
7.0,34.67952207622654,0.9159102380663143
7.0,26.235787854332237,0.6022672209772704
-5.0,33.45034399097252,0.2978540084112564
-6.0,42.87939139340051,0.8788111807803757
1.0,39.31512096771762,0.9521937101878851
7.0,39.11059559605998,0.47162983581220574
7.0,23.785536137736695,0.8737677641613114
-6.0,5.700415496556225,0.8457177265024824
-2.0,27.52335518697581,0.2948693450983568
-6.0,37.704843744210635,0.8384820683786444
8.0,32.65984641741465,0.6990940231499292
-2.0,32.71488670625415,0.32202197117595677
7.0,8.499034642798826,0.8080708072835404
-2.0,33.17127966650731,0.2604954047036103
0.0,45.82980072507649,0.25938374839477696
-3.0,1.8126169690152043,0.9904523441886498
6.0,46.817369768139535,0.9943507953279761
3.0,43.68273604101151,0.3413429942883458
5.0,40.51689766974486,0.3834667307915386
9.0,27.0746171057982,0.8313747655608686
3.0,32.637003898845656,0.5934338673766817
8.0,45.69367227036283,0.7212049719116369
11.0,22.326815542720336,0.20155281238467782
-3.0,21.052229743143332,0.02175820404152018
3.0,2.22996766713577,0.44165449625421216
9.0,2.166599394544126,0.4606949339794667
6.0,27.480285038871674,0.14030445956984872
-1.0,0.6374762612145104,0.6878266749616135
0.0,40.743576182165405,0.5711156455620666
-3.0,4.4403779461155315,0.5142479951246359
12.0,36.92583943196978,0.6968211382310759
0.0,34.318752212401456,0.55586743145197
-4.0,42.85292349708954,0.2677746238378286
5.0,39.02806650254629,0.399763663361984
-6.0,27.575540089097252,0.40549355269085374
12.0,27.78908995596296,0.48575234544904466
6.0,26.083260032341673,0.6233097337321973
-2.0,14.31589562163221,0.9549196391906771
1.0,34.858484258241255,0.8582174566418663
-1.0,15.268461282179572,0.25783074358160607
-6.0,9.35082591182305,0.9377032378740348
4.0,19.15669987147981,0.8220378272360379
-7.0,9.735772656331589,0.11772576628758757
6.0,13.36269268776661,0.16276527928798412
1.0,1.5004566110072326,0.9292367843724002
-6.0,20.716621260075872,0.4724812810183079
11.0,3.320043039756164,0.35818935216664993
-1.0,35.30672061594889,0.7229568381419352
8.0,8.938919604706275,0.6502883005608303
2.0,28.515840069413798,0.10063732277003345
11.0,12.548868676579957,0.2599044126597677
2.0,8.305639126019111,0.45113363091647407
5.0,48.68269906868788,0.4367316819202587
-1.0,8.261724141478588,0.4746315169229398
5.0,45.24094446656202,0.1399049512175634
12.0,11.412841983912848,0.846714213885115
8.0,48.55238563748055,0.22183478538494306
4.0,2.8423983491566496,0.3707993663163791
6.0,1.9615345019556374,0.4922397518488909
3.0,48.20793087776547,0.05716196318604905
-2.0,35.85233646340225,0.5329133605963804
-5.0,41.58359133162836,0.7592981817932103
6.0,28.00484769058613,0.1791739218744578
-7.0,7.741827412002026,0.5762276037253287
2.0,28.555552127702846,0.42872618431484744
7.0,17.780925887307646,0.6106131278957969
7.0,40.81861296043608,0.5333623112487769
-6.0,39.034934517300144,0.7399828465002902
4.0,43.80527309753644,0.34500173563655767
2.0,49.53868040459648,0.10525311420938877
-2.0,8.412887794570716,0.49968181368183706
9.0,21.02005816595967,0.7174641126836149
-4.0,7.104000480096815,0.7258369721282849
-3.0,26.930832977209896,0.4667738023240834
5.0,21.223073047794657,0.02855357298716965
8.0,14.157370415526238,0.5104527194173434
9.0,13.774696589912493,0.5156089623493396
-7.0,28.728133220300517,0.8614792010811853
4.0,33.06780506979709,0.5749317767734036
8.0,47.34561696393163,0.24468972795430843
-2.0,24.67624938087904,0.36143516765255834
-4.0,1.1138444531877767,0.2636244448829811
2.0,49.49993478539999,0.6346081197363242
12.0,12.706118829311919,0.014759650868758856
4.0,11.80702456873654,0.5535817526042996
-5.0,35.59822884105771,0.2947845285711552
-2.0,22.714276798623867,0.8090614562202735
9.0,11.783734877853249,0.6671384575868814
1.0,49.080930549677504,0.39212126247952883
7.0,10.799985743942345,0.15757626085565013
-6.0,45.99948604633193,0.16611692199573647
2.0,38.34885424245326,0.9556700200530284
12.0,35.572225513391714,0.13183402965736057
-4.0,8.245814605383067,0.8874636896482668
12.0,25.312611178775313,0.12485636240588549
9.0,2.876815967127631,0.5955203409069357
3.0,33.992365291571744,0.8378361774952876
12.0,2.7769894837690376,0.6040195440213433
11.0,7.6510087611837685,0.8280523735863963
2.0,23.985549841276367,0.7727106214805991
9.0,45.92841964234642,0.9921494161534596
12.0,50.441686115042344,0.43364081870840077
8.0,24.909606815488694,0.05507098038114189
2.0,23.3486714573973,0.21045510387227295
-1.0,23.033300740561586,0.4689756089815338
3.0,4.400959911524681,0.9661018355573323
6.0,17.85142992013502,0.42748487260528756
-4.0,36.64572655750047,0.3231188059077458
-7.0,17.97401675829148,0.6674274175928009
-1.0,14.426910594498668,0.4534759748704722
-7.0,25.98003299703713,0.9233417830499369
-2.0,15.816529252870788,0.6170906719687554
0.0,8.262538785348841,0.5927922332003046
2.0,4.335430830209908,0.5736925877707116
-5.0,12.552940722462179,0.07816305315143435
-5.0,29.84032181320393,0.8335774062271567
4.0,30.097345898659697,0.5950444163814984
-6.0,44.91010156707499,0.18087071376173947
0.0,40.40479102270896,0.31157084304688976
5.0,28.32874026394909,0.04893481800626176
-6.0,18.139346625968503,0.07892960649863168
-7.0,35.480014264368755,0.677155677547902
4.0,24.708883004502574,0.09282501721326175
-4.0,11.82987035112525,0.1672117702802608
11.0,45.13904063770997,0.7548190653888994
-1.0,8.786266818505684,0.3804271107821121
4.0,21.82701264567765,0.9968118698682173
-2.0,18.6736339031661,0.9672989755069272
-4.0,27.41765889670368,0.6995250006481638
0.0,9.165429427947716,0.896008449574578
